Time_sec,Temp_F
46.238,2.116324536
46.28,2.126099707
46.311,2.126099707
46.347,2.145650049
46.402,2.150537634
46.438,2.130987292
46.492,2.135874878
46.525,2.170087977
46.566,2.170087977
46.598,2.165200391
46.635,2.150537634
46.665,2.189638319
46.699,2.184750733
46.737,2.189638319
46.791,2.214076246
46.826,2.262952102
46.865,2.292277615
46.917,2.282502444
46.953,2.267839687
47.007,2.292277615
47.045,2.292277615
47.077,2.277614858
47.114,2.24340176
47.167,2.218963832
47.195,2.179863148
47.233,2.165200391
47.276,2.150537634
47.327,2.179863148
47.36,2.189638319
47.415,2.15542522
47.466,2.170087977
47.503,2.189638319
47.54,2.184750733
47.594,2.165200391
47.63,2.174975562
47.685,2.194525904
47.726,2.189638319
47.762,2.189638319
47.811,2.160312805
47.847,2.179863148
47.884,2.189638319
47.92,2.189638319
47.956,2.174975562
48.008,2.174975562
48.064,2.189638319
48.101,2.189638319
48.13,2.165200391
48.165,2.170087977
48.201,2.189638319
48.253,2.174975562
48.288,2.194525904
48.319,2.214076246
48.375,2.209188661
48.424,2.214076246
48.46,2.228739003
48.499,2.218963832
48.536,2.19941349
48.573,2.174975562
48.608,2.170087977
48.647,2.179863148
48.685,2.160312805
48.725,2.165200391
48.763,2.160312805
48.801,2.165200391
48.838,2.160312805
48.88,2.150537634
48.916,2.126099707
48.969,2.096774194
49.021,2.096774194
49.061,2.096774194
49.096,2.062561095
49.129,2.043010753
49.171,2.023460411
49.21,2.013685239
49.247,2.008797654
49.285,2.023460411
49.322,2.033235582
49.375,2.018572825
49.398,2.033235582
49.438,2.033235582
49.478,2.033235582
49.515,2.013685239
49.555,2.018572825
49.587,1.999022483
49.626,2.013685239
49.653,2.013685239
49.69,1.999022483
49.721,2.003910068
49.759,2.033235582
49.796,2.033235582
49.834,2.023460411
49.869,2.008797654
49.917,2.033235582
49.973,2.023460411
50.01,2.008797654
50.063,2.033235582
50.098,2.052785924
50.15,2.023460411
50.191,2.028347996
50.236,2.062561095
50.277,2.072336266
50.329,2.047898338
50.367,2.043010753
50.403,2.062561095
50.44,2.086999022
50.482,2.086999022
50.533,2.086999022
50.57,2.077223851
50.623,2.077223851
50.656,2.106549365
50.697,2.101661779
50.736,2.106549365
50.771,2.086999022
50.81,2.082111437
50.845,2.091886608
50.882,2.11143695
50.93,2.126099707
50.968,2.101661779
51.003,2.11143695
51.054,2.150537634
51.086,2.126099707
51.124,2.135874878
51.16,2.145650049
51.196,2.160312805
51.222,2.135874878
51.258,2.165200391
51.315,2.170087977
51.354,2.160312805
51.389,2.160312805
51.427,2.135874878
51.485,2.140762463
51.54,2.165200391
51.6,2.165200391
51.652,2.170087977
51.705,2.140762463
51.757,2.15542522
51.797,2.174975562
51.837,2.174975562
51.874,2.170087977
51.928,2.140762463
51.959,2.150537634
51.996,2.174975562
52.034,2.179863148
52.069,2.165200391
52.108,2.150537634
52.147,2.15542522
52.184,2.145650049
52.222,2.150537634
52.253,2.170087977
52.291,2.165200391
52.33,2.145650049
52.382,2.145650049
52.419,2.15542522
52.456,2.170087977
52.509,2.160312805
52.545,2.135874878
52.583,2.140762463
52.611,2.165200391
52.647,2.145650049
52.69,2.15542522
52.743,2.140762463
52.784,2.145650049
52.819,2.150537634
52.875,2.174975562
52.914,2.174975562
52.966,2.150537634
53.02,2.135874878
53.073,2.165200391
53.112,2.160312805
53.15,2.15542522
53.187,2.145650049
53.225,2.126099707
53.262,2.121212121
53.31,2.150537634
53.335,2.130987292
53.361,2.116324536
53.389,2.145650049
53.442,2.11143695
53.493,2.140762463
53.532,2.145650049
53.568,2.140762463
53.616,2.126099707
53.653,2.150537634
53.692,2.15542522
53.729,2.15542522
53.766,2.150537634
53.803,2.126099707
53.842,2.126099707
53.879,2.126099707
53.917,2.130987292
53.955,2.150537634
53.987,2.150537634
54.016,2.145650049
54.073,2.150537634
54.132,2.15542522
54.162,2.130987292
54.205,2.130987292
54.235,2.135874878
54.289,2.160312805
54.328,2.150537634
54.365,2.130987292
54.396,2.130987292
54.432,2.150537634
54.474,2.15542522
54.506,2.15542522
54.544,2.126099707
54.576,2.126099707
54.608,2.15542522
54.642,2.135874878
54.69,2.150537634
54.729,2.15542522
54.764,2.140762463
54.803,2.130987292
54.84,2.121212121
54.875,2.135874878
54.914,2.130987292
54.951,2.130987292
54.992,2.150537634
55.031,2.145650049
55.067,2.15542522
55.103,2.135874878
55.144,2.130987292
55.184,2.135874878
55.241,2.121212121
55.293,2.135874878
55.323,2.140762463
55.374,2.130987292
55.411,2.160312805
55.442,2.145650049
55.481,2.140762463
55.517,2.135874878
55.569,2.170087977
55.627,2.160312805
55.682,2.145650049
55.72,2.135874878
55.755,2.126099707
55.796,2.11143695
55.848,2.135874878
55.886,2.150537634
55.923,2.145650049
55.955,2.130987292
55.992,2.150537634
56.044,2.165200391
56.099,2.145650049
56.136,2.135874878
56.175,2.140762463
56.212,2.160312805
56.251,2.15542522
56.289,2.165200391
56.325,2.170087977
56.359,2.145650049
56.412,2.170087977
56.461,2.194525904
56.496,2.184750733
56.53,2.204301075
56.582,2.233626588
56.621,2.228739003
56.662,2.24340176
56.691,2.24340176
56.728,2.262952102
56.785,2.277614858
56.821,2.267839687
56.859,2.262952102
56.894,2.267839687
56.943,2.302052786
56.977,2.287390029
57.018,2.277614858
57.054,2.277614858
57.092,2.292277615
57.128,2.306940371
57.169,2.272727273
57.21,2.262952102
57.242,2.262952102
57.297,2.223851417
57.329,2.228739003
57.366,2.24340176
57.397,2.233626588
57.436,2.209188661
57.472,2.204301075
57.52,2.204301075
57.56,2.204301075
57.596,2.204301075
57.646,2.214076246
57.685,2.223851417
57.727,2.223851417
57.78,2.218963832
57.818,2.19941349
57.853,2.189638319
57.89,2.19941349
57.926,2.214076246
57.959,2.214076246
57.991,2.184750733
58.022,2.204301075
58.06,2.194525904
58.099,2.194525904
58.138,2.189638319
58.18,2.204301075
58.221,2.209188661
58.261,2.194525904
58.317,2.179863148
58.365,2.204301075
58.4,2.209188661
58.437,2.189638319
58.476,2.179863148
58.512,2.174975562
58.551,2.184750733
58.608,2.19941349
58.648,2.194525904
58.702,2.204301075
58.733,2.179863148
58.769,2.179863148
58.819,2.194525904
58.857,2.184750733
58.893,2.174975562
58.932,2.174975562
58.972,2.165200391
59.01,2.170087977
59.058,2.194525904
59.114,2.170087977
59.15,2.165200391
59.189,2.174975562
59.226,2.184750733
59.28,2.189638319
59.319,2.189638319
59.356,2.174975562
59.386,2.189638319
59.421,2.189638319
59.459,2.184750733
59.501,2.194525904
59.557,2.184750733
59.614,2.170087977
59.653,2.165200391
59.693,2.170087977
59.747,2.165200391
59.791,2.160312805
59.83,2.165200391
59.867,2.165200391
59.906,2.179863148
59.942,2.189638319
59.978,2.184750733
60.016,2.170087977
60.053,2.165200391
60.09,2.160312805
60.129,2.15542522
60.163,2.170087977
60.196,2.184750733
60.234,2.160312805
60.27,2.15542522
60.306,2.160312805
60.344,2.179863148
60.38,2.184750733
60.413,2.165200391
60.445,2.15542522
60.479,2.179863148
60.512,2.160312805
60.549,2.15542522
60.584,2.165200391
60.621,2.174975562
60.659,2.179863148
60.703,2.160312805
60.74,2.174975562
60.779,2.174975562
60.818,2.174975562
60.855,2.160312805
60.915,2.126099707
60.957,2.140762463
61.012,2.145650049
61.053,2.160312805
61.089,2.145650049
61.122,2.170087977
61.154,2.160312805
61.187,2.106549365
61.222,2.11143695
61.262,2.096774194
61.291,2.047898338
61.326,2.023460411
61.36,2.043010753
61.395,2.013685239
61.434,1.979472141
61.473,1.979472141
61.522,1.96969697
61.562,1.989247312
61.596,2.003910068
61.634,2.008797654
61.673,2.018572825
61.71,2.003910068
61.76,2.023460411
61.798,2.047898338
61.838,2.062561095
61.878,2.06744868
61.914,2.06744868
61.956,2.072336266
61.995,2.072336266
62.03,2.06744868
62.067,2.062561095
62.104,2.077223851
62.137,2.106549365
62.187,2.096774194
62.231,2.11143695
62.267,2.130987292
62.308,2.130987292
62.346,2.130987292
62.379,2.140762463
62.425,2.140762463
62.48,2.130987292
62.518,2.11143695
62.556,2.096774194
62.59,2.038123167
62.63,2.018572825
62.682,1.974584555
62.719,1.994134897
62.754,2.013685239
62.792,2.023460411
62.83,2.043010753
62.862,2.06744868
62.902,2.086999022
62.956,2.091886608
62.985,2.072336266
63.023,2.091886608
63.074,2.121212121
63.111,2.121212121
63.15,2.11143695
63.184,2.106549365
63.223,2.11143695
63.26,2.130987292
63.297,2.135874878
63.335,2.130987292
63.366,2.096774194
63.401,2.086999022
63.439,2.101661779
63.476,2.126099707
63.53,2.106549365
63.567,2.101661779
63.609,2.101661779
63.64,2.106549365
63.678,2.121212121
63.713,2.130987292
63.751,2.126099707
63.792,2.130987292
63.83,2.116324536
63.864,2.116324536
63.905,2.106549365
63.944,2.106549365
63.981,2.121212121
64.013,2.140762463
64.066,2.116324536
64.103,2.11143695
64.139,2.121212121
64.178,2.140762463
64.23,2.140762463
64.269,2.121212121
64.3,2.11143695
64.337,2.140762463
64.39,2.140762463
64.448,2.135874878
64.481,2.11143695
64.515,2.140762463
64.555,2.135874878
64.591,2.135874878
64.629,2.121212121
64.67,2.130987292
64.704,2.11143695
64.743,2.106549365
64.782,2.101661779
64.835,2.101661779
64.873,2.106549365
64.926,2.091886608
64.968,2.086999022
65.004,2.077223851
65.035,2.11143695
65.09,2.145650049
65.123,2.150537634
65.16,2.170087977
65.217,2.248289345
65.256,2.292277615
65.304,2.302052786
65.342,2.311827957
65.394,2.331378299
65.421,2.311827957
65.459,2.306940371
65.511,2.311827957
65.551,2.306940371
65.587,2.287390029
65.623,2.267839687
65.66,2.248289345
65.708,2.262952102
65.741,2.228739003
65.792,2.233626588
65.847,2.223851417
65.899,2.174975562
65.939,2.165200391
65.976,2.140762463
66.008,2.165200391
66.061,2.135874878
66.097,2.126099707
66.134,2.135874878
66.167,2.150537634
66.221,2.106549365
66.259,2.096774194
66.299,2.091886608
66.352,2.126099707
66.39,2.145650049
66.419,2.121212121
66.47,2.140762463
66.509,2.150537634
66.566,2.140762463
66.618,2.11143695
66.656,2.130987292
66.691,2.165200391
66.74,2.150537634
66.773,2.140762463
66.823,2.160312805
66.861,2.140762463
66.913,2.15542522
66.946,2.174975562
66.987,2.179863148
67.023,2.170087977
67.076,2.15542522
67.125,2.184750733
67.163,2.165200391
67.195,2.140762463
67.229,2.165200391
67.269,2.160312805
67.302,2.15542522
67.341,2.135874878
67.381,2.140762463
67.434,2.135874878
67.471,2.15542522
67.508,2.165200391
67.541,2.15542522
67.587,2.194525904
67.644,2.209188661
67.697,2.233626588
67.752,2.287390029
67.788,2.306940371
67.844,2.311827957
67.885,2.331378299
67.925,2.331378299
67.96,2.311827957
67.998,2.287390029
68.033,2.272727273
68.06,2.292277615
68.096,2.262952102
68.134,2.262952102
68.17,2.272727273
68.206,2.292277615
68.244,2.287390029
68.281,2.262952102
68.314,2.233626588
68.345,2.238514174
68.383,2.233626588
68.428,2.214076246
68.485,2.194525904
68.539,2.15542522
68.572,2.145650049
68.627,2.174975562
68.678,2.150537634
68.711,2.135874878
68.753,2.130987292
68.795,2.126099707
68.829,2.130987292
68.87,2.121212121
68.908,2.135874878
68.945,2.145650049
68.998,2.140762463
69.055,2.121212121
69.107,2.126099707
69.162,2.150537634
69.214,2.121212121
69.264,2.135874878
69.301,2.135874878
69.338,2.126099707
69.391,2.106549365
69.443,2.140762463
69.481,2.135874878
69.521,2.135874878
69.558,2.116324536
69.596,2.106549365
69.628,2.096774194
69.678,2.126099707
69.714,2.096774194
69.763,2.130987292
69.799,2.126099707
69.834,2.106549365
69.875,2.091886608
69.911,2.086999022
69.948,2.096774194
69.981,2.126099707
70.018,2.11143695
70.054,2.106549365
70.106,2.106549365
70.145,2.126099707
70.196,2.126099707
70.238,2.101661779
70.281,2.126099707
70.317,2.11143695
70.357,2.135874878
70.395,2.11143695
70.436,2.130987292
70.493,2.135874878
70.534,2.160312805
70.569,2.160312805
70.624,2.204301075
70.656,2.223851417
70.694,2.209188661
70.727,2.209188661
70.763,2.24340176
70.811,2.218963832
70.864,2.228739003
70.897,2.238514174
70.936,2.228739003
70.968,2.209188661
71.021,2.233626588
71.076,2.228739003
71.128,2.214076246
71.166,2.228739003
71.201,2.248289345
71.236,2.24340176
71.275,2.238514174
71.312,2.228739003
71.351,2.209188661
71.391,2.19941349
71.423,2.214076246
71.476,2.209188661
71.517,2.209188661
71.553,2.189638319
71.59,2.174975562
71.632,2.170087977
71.688,2.165200391
71.742,2.179863148
71.784,2.170087977
71.836,2.184750733
71.874,2.170087977
71.905,2.150537634
71.935,2.179863148
71.977,2.15542522
72.019,2.184750733
72.057,2.179863148
72.09,2.170087977
72.129,2.15542522
72.179,2.165200391
72.213,2.179863148
72.249,2.150537634
72.281,2.150537634
72.318,2.174975562
72.373,2.165200391
72.41,2.150537634
72.464,2.140762463
72.5,2.15542522
72.549,2.150537634
72.581,2.145650049
72.618,2.165200391
72.655,2.170087977
72.705,2.140762463
72.74,2.165200391
72.791,2.170087977
72.826,2.140762463
72.872,2.170087977
72.911,2.145650049
72.946,2.130987292
73.002,2.126099707
73.045,2.126099707
73.082,2.130987292
73.118,2.150537634
73.162,2.130987292
73.196,2.150537634
73.228,2.145650049
73.28,2.15542522
73.33,2.15542522
73.368,2.135874878
73.398,2.15542522
73.434,2.15542522
73.469,2.135874878
73.5,2.140762463
73.536,2.145650049
73.577,2.135874878
73.631,2.130987292
73.67,2.121212121
73.709,2.101661779
73.745,2.091886608
73.778,2.096774194
73.814,2.116324536
73.867,2.086999022
73.903,2.077223851
73.957,2.091886608
73.995,2.11143695
74.028,2.096774194
74.063,2.072336266
74.112,2.101661779
74.149,2.096774194
74.182,2.072336266
74.216,2.086999022
74.26,2.101661779
74.299,2.091886608
74.335,2.106549365
74.375,2.101661779
74.427,2.077223851
74.483,2.072336266
74.523,2.072336266
74.576,2.086999022
74.608,2.106549365
74.647,2.086999022
74.682,2.072336266
74.721,2.072336266
74.76,2.06744868
74.798,2.077223851
74.837,2.077223851
74.877,2.096774194
74.915,2.096774194
74.954,2.106549365
74.989,2.116324536
75.043,2.096774194
75.092,2.126099707
75.13,2.130987292
75.166,2.116324536
75.201,2.11143695
75.24,2.121212121
75.277,2.126099707
75.31,2.160312805
75.345,2.145650049
75.383,2.130987292
75.421,2.126099707
75.462,2.126099707
75.499,2.126099707
75.534,2.145650049
75.571,2.165200391
75.612,2.165200391
75.675,2.160312805
75.731,2.165200391
75.782,2.130987292
75.827,2.150537634
75.884,2.130987292
75.921,2.135874878
75.961,2.135874878
76,2.126099707
76.037,2.130987292
76.087,2.160312805
76.12,2.130987292
76.149,2.15542522
76.186,2.150537634
76.214,2.140762463
76.253,2.150537634
76.294,2.135874878
76.333,2.135874878
76.386,2.15542522
76.422,2.135874878
76.458,2.126099707
76.508,2.15542522
76.542,2.150537634
76.579,2.126099707
76.612,2.145650049
76.661,2.145650049
76.694,2.135874878
76.747,2.160312805
76.782,2.15542522
76.821,2.135874878
76.857,2.126099707
76.906,2.160312805
76.945,2.145650049
76.984,2.150537634
77.015,2.140762463
77.055,2.126099707
77.109,2.160312805
77.164,2.15542522
77.203,2.135874878
77.244,2.145650049
77.277,2.121212121
77.308,2.15542522
77.344,2.15542522
77.394,2.130987292
77.428,2.15542522
77.46,2.135874878
77.499,2.135874878
77.538,2.126099707
77.575,2.130987292
77.611,2.150537634
77.665,2.150537634
77.706,2.160312805
77.746,2.15542522
77.78,2.140762463
77.813,2.126099707
77.848,2.15542522
77.886,2.15542522
77.922,2.145650049
77.959,2.130987292
77.992,2.121212121
78.046,2.150537634
78.079,2.130987292
78.115,2.121212121
78.165,2.150537634
78.205,2.145650049
78.246,2.150537634
78.282,2.140762463
78.321,2.126099707
78.357,2.116324536
78.385,2.150537634
78.421,2.145650049
78.45,2.116324536
78.504,2.145650049
78.544,2.130987292
78.604,2.145650049
78.661,2.121212121
78.714,2.116324536
78.751,2.126099707
78.785,2.140762463
78.823,2.135874878
78.856,2.116324536
78.894,2.101661779
78.947,2.130987292
78.982,2.130987292
79.032,2.096774194
79.084,2.121212121
79.123,2.126099707
79.16,2.116324536
79.214,2.096774194
79.249,2.116324536
79.288,2.116324536
79.323,2.130987292
79.375,2.101661779
79.43,2.096774194
79.482,2.126099707
79.521,2.126099707
79.574,2.096774194
79.607,2.11143695
79.661,2.126099707
79.696,2.116324536
79.728,2.106549365
79.768,2.130987292
79.806,2.126099707
79.851,2.121212121
79.901,2.135874878
79.956,2.11143695
80.013,2.106549365
80.044,2.121212121
80.08,2.130987292
80.119,2.121212121
80.153,2.106549365
80.19,2.101661779
80.226,2.121212121
80.278,2.135874878
80.331,2.106549365
80.363,2.121212121
80.396,2.130987292
80.435,2.11143695
80.475,2.11143695
80.528,2.121212121
80.582,2.15542522
80.616,2.145650049
80.655,2.145650049
80.683,2.170087977
80.72,2.179863148
80.747,2.15542522
80.785,2.170087977
80.819,2.194525904
80.854,2.174975562
80.891,2.165200391
80.929,2.165200391
80.957,2.194525904
80.995,2.170087977
81.024,2.184750733
81.06,2.189638319
81.11,2.150537634
81.147,2.174975562
81.203,2.179863148
81.244,2.179863148
81.294,2.174975562
81.344,2.165200391
81.401,2.174975562
81.435,2.145650049
81.472,2.145650049
81.51,2.140762463
81.561,2.174975562
81.597,2.170087977
81.636,2.170087977
81.691,2.140762463
81.728,2.145650049
81.764,2.140762463
81.802,2.170087977
81.856,2.165200391
81.893,2.145650049
81.93,2.140762463
81.964,2.150537634
82.003,2.160312805
82.038,2.174975562
82.074,2.15542522
82.124,2.145650049
82.163,2.165200391
82.21,2.140762463
82.248,2.130987292
82.285,2.135874878
82.325,2.160312805
82.362,2.150537634
82.4,2.165200391
82.435,2.165200391
82.492,2.145650049
82.547,2.135874878
82.587,2.130987292
82.641,2.160312805
82.694,2.15542522
82.731,2.150537634
82.773,2.160312805
82.805,2.135874878
82.858,2.170087977
82.913,2.15542522
82.964,2.135874878
83.001,2.160312805
83.038,2.170087977
83.074,2.165200391
83.107,2.140762463
83.145,2.135874878
83.183,2.15542522
83.222,2.145650049
83.253,2.165200391
83.293,2.150537634
83.325,2.126099707
83.365,2.126099707
83.4,2.145650049
83.445,2.126099707
83.486,2.126099707
83.527,2.121212121
83.579,2.145650049
83.615,2.160312805
83.652,2.15542522
83.694,2.150537634
83.747,2.130987292
83.782,2.126099707
83.819,2.150537634
83.873,2.160312805
83.912,2.150537634
83.952,2.160312805
84.01,2.15542522
84.053,2.140762463
84.107,2.135874878
84.164,2.126099707
84.202,2.130987292
84.238,2.150537634
84.276,2.15542522
84.329,2.130987292
84.369,2.135874878
84.405,2.126099707
84.44,2.130987292
84.475,2.145650049
84.513,2.15542522
84.548,2.145650049
84.588,2.121212121
84.629,2.130987292
84.668,2.135874878
84.71,2.135874878
84.762,2.121212121
84.798,2.135874878
84.837,2.130987292
84.876,2.130987292
84.912,2.140762463
84.95,2.130987292
84.988,2.121212121
85.029,2.126099707
85.065,2.106549365
85.101,2.106549365
85.159,2.106549365
85.201,2.091886608
85.238,2.106549365
85.294,2.116324536
85.348,2.116324536
85.385,2.101661779
85.427,2.116324536
85.463,2.096774194
85.504,2.096774194
85.548,2.11143695
85.606,2.130987292
85.644,2.126099707
85.682,2.140762463
85.721,2.126099707
85.773,2.15542522
85.812,2.160312805
85.864,2.130987292
85.897,2.140762463
85.94,2.135874878
85.979,2.135874878
86.012,2.165200391
86.044,2.150537634
86.073,2.15542522
86.114,2.160312805
86.143,2.135874878
86.171,2.160312805
86.213,2.160312805
86.269,2.165200391
86.308,2.150537634
86.348,2.160312805
86.385,2.15542522
86.421,2.135874878
86.462,2.135874878
86.498,2.135874878
86.532,2.165200391
86.584,2.160312805
86.62,2.140762463
86.659,2.135874878
86.701,2.130987292
86.74,2.130987292
86.778,2.130987292
86.816,2.150537634
86.856,2.135874878
86.913,2.165200391
86.954,2.15542522
86.99,2.170087977
87.023,2.15542522
87.062,2.140762463
87.1,2.135874878
87.138,2.130987292
87.179,2.130987292
87.208,2.165200391
87.241,2.140762463
87.283,2.135874878
87.319,2.126099707
87.355,2.135874878
87.388,2.160312805
87.445,2.150537634
87.503,2.130987292
87.535,2.130987292
87.571,2.15542522
87.609,2.165200391
87.641,2.150537634
87.68,2.126099707
87.717,2.130987292
87.746,2.15542522
87.785,2.15542522
87.823,2.145650049
87.859,2.126099707
87.892,2.135874878
87.929,2.160312805
87.966,2.15542522
87.999,2.130987292
88.052,2.150537634
88.097,2.126099707
88.14,2.135874878
88.197,2.126099707
88.255,2.145650049
88.316,2.140762463
88.366,2.145650049
88.415,2.140762463
88.457,2.126099707
88.515,2.130987292
88.571,2.130987292
88.615,2.135874878
88.658,2.126099707
88.699,2.126099707
88.741,2.130987292
88.794,2.121212121
88.848,2.160312805
88.888,2.150537634
88.931,2.15542522
88.985,2.160312805
89.041,2.160312805
89.082,2.135874878
89.121,2.150537634
89.158,2.130987292
89.209,2.145650049
89.247,2.160312805
89.3,2.140762463
89.333,2.121212121
89.376,2.121212121
89.434,2.121212121
89.474,2.116324536
89.531,2.126099707
89.588,2.135874878
89.623,2.140762463
89.657,2.126099707
89.695,2.11143695
89.735,2.11143695
89.772,2.116324536
89.813,2.116324536
89.85,2.130987292
89.883,2.150537634
89.919,2.135874878
89.957,2.11143695
89.994,2.11143695
90.046,2.140762463
90.079,2.140762463
90.117,2.116324536
90.153,2.116324536
90.188,2.135874878
90.224,2.160312805
90.263,2.160312805
90.302,2.145650049
90.354,2.130987292
90.391,2.140762463
90.431,2.135874878
90.462,2.160312805
90.498,2.150537634
90.538,2.150537634
90.573,2.145650049
90.607,2.15542522
90.64,2.184750733
90.695,2.15542522
90.731,2.150537634
90.771,2.150537634
90.814,2.145650049
90.874,2.140762463
90.931,2.140762463
90.99,2.15542522
91.045,2.170087977
91.085,2.174975562
91.14,2.170087977
91.177,2.15542522
91.214,2.140762463
91.255,2.140762463
91.294,2.140762463
91.346,2.165200391
91.403,2.170087977
91.438,2.170087977
91.474,2.140762463
91.515,2.135874878
91.557,2.150537634
91.589,2.135874878
91.622,2.15542522
91.654,2.160312805
91.693,2.130987292
91.741,2.15542522
91.796,2.145650049
91.829,2.130987292
91.861,2.160312805
91.897,2.15542522
91.935,2.145650049
91.971,2.130987292
92.01,2.135874878
92.064,2.145650049
92.097,2.160312805
92.134,2.150537634
92.19,2.121212121
92.224,2.130987292
92.277,2.150537634
92.32,2.15542522
92.358,2.15542522
92.401,2.145650049
92.439,2.15542522
92.481,2.160312805
92.513,2.126099707
92.552,2.135874878
92.59,2.130987292
92.628,2.126099707
92.666,2.130987292
92.697,2.150537634
92.729,2.121212121
92.769,2.116324536
92.827,2.121212121
92.883,2.126099707
92.922,2.135874878
92.958,2.145650049
93.013,2.116324536
93.039,2.126099707
93.096,2.130987292
93.129,2.101661779
93.171,2.091886608
93.225,2.086999022
93.277,2.121212121
93.315,2.11143695
93.366,2.086999022
93.418,2.121212121
93.455,2.101661779
93.508,2.077223851
93.549,2.072336266
93.585,2.072336266
93.622,2.086999022
93.662,2.077223851
93.7,2.106549365
93.735,2.11143695
93.776,2.101661779
93.81,2.096774194
93.851,2.091886608
93.888,2.077223851
93.926,2.077223851
93.961,2.086999022
93.998,2.116324536
94.051,2.130987292
94.106,2.130987292
94.146,2.135874878
94.182,2.150537634
94.232,2.174975562
94.281,2.145650049
94.322,2.150537634
94.364,2.145650049
94.419,2.165200391
94.474,2.179863148
94.51,2.179863148
94.546,2.165200391
94.579,2.160312805
94.618,2.184750733
94.658,2.179863148
94.696,2.184750733
94.726,2.170087977
94.765,2.150537634
94.805,2.150537634
94.841,2.15542522
94.882,2.165200391
94.923,2.145650049
94.979,2.160312805
95.015,2.170087977
95.047,2.145650049
95.1,2.145650049
95.131,2.170087977
95.172,2.170087977
95.228,2.165200391
95.263,2.145650049
95.301,2.140762463
95.359,2.15542522
95.39,2.174975562
95.444,2.140762463
95.483,2.140762463
95.526,2.150537634
95.566,2.150537634
95.616,2.160312805
95.654,2.174975562
95.688,2.174975562
95.728,2.160312805
95.766,2.160312805
95.805,2.150537634
95.842,2.145650049
95.878,2.160312805
95.916,2.174975562
95.951,2.179863148
95.987,2.165200391
96.028,2.15542522
96.066,2.160312805
96.111,2.165200391
96.157,2.140762463
96.194,2.160312805
96.254,2.165200391
96.315,2.165200391
96.37,2.165200391
96.413,2.165200391
96.459,2.135874878
96.5,2.135874878
96.538,2.135874878
96.577,2.150537634
96.616,2.160312805
96.654,2.165200391
96.693,2.165200391
96.735,2.145650049
96.763,2.135874878
96.8,2.130987292
96.837,2.140762463
96.872,2.160312805
96.905,2.165200391
96.939,2.130987292
96.98,2.135874878
97.017,2.140762463
97.054,2.15542522
97.086,2.165200391
97.123,2.140762463
97.161,2.126099707
97.197,2.130987292
97.23,2.15542522
97.266,2.160312805
97.315,2.130987292
97.348,2.160312805
97.381,2.140762463
97.415,2.135874878
97.445,2.150537634
97.486,2.15542522
97.529,2.165200391
97.581,2.150537634
97.644,2.15542522
97.702,2.145650049
97.758,2.135874878
97.811,2.165200391
97.849,2.170087977
97.886,2.174975562
97.935,2.170087977
97.988,2.174975562
98.025,2.160312805
98.066,2.170087977
98.102,2.15542522
98.134,2.135874878
98.163,2.165200391
98.196,2.135874878
98.233,2.15542522
98.288,2.165200391
98.324,2.170087977
98.378,2.130987292
98.414,2.145650049
98.463,2.165200391
98.496,2.135874878
98.535,2.160312805
98.583,2.160312805
98.62,2.145650049
98.67,2.145650049
98.702,2.145650049
98.737,2.130987292
98.776,2.126099707
98.814,2.130987292
98.865,2.160312805
98.905,2.160312805
98.944,2.150537634
98.984,2.150537634
99.015,2.121212121
99.052,2.126099707
99.084,2.150537634
99.124,2.15542522
99.158,2.140762463
99.196,2.121212121
99.228,2.135874878
99.265,2.15542522
99.297,2.140762463
99.336,2.121212121
99.373,2.126099707
99.413,2.126099707
99.449,2.145650049
99.487,2.150537634
99.543,2.15542522
99.576,2.135874878
99.611,2.126099707
99.652,2.135874878
99.688,2.150537634
99.724,2.15542522
99.762,2.145650049
99.797,2.126099707
99.839,2.135874878
99.875,2.121212121
99.914,2.116324536
99.951,2.126099707
99.985,2.145650049
100.017,2.121212121
100.056,2.126099707
100.091,2.126099707
100.133,2.140762463
100.182,2.160312805
100.213,2.130987292
100.253,2.126099707
100.293,2.126099707
100.333,2.145650049
100.384,2.15542522
100.439,2.150537634
100.497,2.135874878
100.531,2.130987292
100.58,2.150537634
100.633,2.135874878
100.682,2.179863148
100.719,2.170087977
100.757,2.170087977
100.788,2.174975562
100.822,2.194525904
100.855,2.174975562
100.886,2.170087977
100.924,2.189638319
100.956,2.179863148
100.996,2.150537634
101.036,2.160312805
101.071,2.145650049
101.113,2.145650049
101.15,2.150537634
101.191,2.150537634
101.229,2.165200391
101.268,2.165200391
101.301,2.179863148
101.338,2.165200391
101.375,2.145650049
101.405,2.165200391
101.439,2.170087977
101.479,2.160312805
101.531,2.135874878
101.593,2.135874878
101.651,2.145650049
101.689,2.140762463
101.729,2.145650049
101.768,2.145650049
101.81,2.140762463
101.842,2.170087977
101.88,2.174975562
101.918,2.165200391
101.952,2.150537634
101.99,2.140762463
102.027,2.145650049
102.074,2.160312805
102.113,2.135874878
102.152,2.145650049
102.19,2.140762463
102.219,2.170087977
102.254,2.145650049
102.294,2.135874878
102.332,2.150537634
102.381,2.165200391
102.415,2.15542522
102.448,2.130987292
102.485,2.150537634
102.52,2.160312805
102.561,2.15542522
102.595,2.15542522
102.628,2.130987292
102.664,2.160312805
102.702,2.170087977
102.739,2.170087977
102.774,2.15542522
102.813,2.160312805
102.841,2.184750733
102.867,2.170087977
102.908,2.189638319
102.943,2.194525904
103,2.228739003
103.055,2.233626588
103.113,2.277614858
103.149,2.306940371
103.189,2.326490714
103.222,2.375366569
103.263,2.390029326
103.307,2.394916911
103.341,2.458455523
103.394,2.468230694
103.432,2.443792766
103.485,2.434017595
103.527,2.419354839
103.565,2.38514174
103.603,2.355816227
103.657,2.306940371
103.693,2.2971652
103.746,2.292277615
103.78,2.321603128
103.821,2.311827957
103.856,2.287390029
103.892,2.233626588
103.935,2.209188661
103.977,2.189638319
104.012,2.184750733
104.045,2.160312805
104.083,2.165200391
104.135,2.145650049
104.173,2.130987292
104.21,2.121212121
104.264,2.145650049
104.295,2.160312805
104.33,2.135874878
104.37,2.130987292
104.409,2.130987292
104.465,2.145650049
104.503,2.130987292
104.544,2.145650049
104.596,2.126099707
104.636,2.145650049
104.672,2.130987292
104.708,2.130987292
104.746,2.15542522
104.781,2.174975562
104.819,2.179863148
104.859,2.174975562
104.914,2.15542522
104.952,2.126099707
104.991,2.116324536
105.023,2.116324536
105.058,2.140762463
105.094,2.130987292
105.126,2.096774194
105.172,2.096774194
105.221,2.140762463
105.259,2.165200391
105.295,2.165200391
105.352,2.160312805
105.411,2.184750733
105.468,2.204301075
105.499,2.233626588
105.548,2.194525904
105.602,2.228739003
105.652,2.184750733
105.701,2.189638319
105.746,2.160312805
105.805,2.135874878
105.863,2.15542522
105.908,2.126099707
105.955,2.121212121
106.001,2.121212121
106.059,2.126099707
106.115,2.11143695
106.154,2.106549365
106.191,2.091886608
106.223,2.096774194
106.262,2.135874878
106.303,2.15542522
106.343,2.179863148
106.401,2.204301075
106.459,2.233626588
106.516,2.24340176
106.551,2.248289345
106.589,2.233626588
106.625,2.233626588
106.659,2.262952102
106.691,2.24340176
106.733,2.228739003
106.794,2.218963832
106.851,2.19941349
106.895,2.194525904
106.945,2.165200391
106.987,2.165200391
107.029,2.140762463
107.07,2.135874878
107.13,2.121212121
107.18,2.165200391
107.238,2.165200391
107.295,2.145650049
107.335,2.145650049
107.398,2.145650049
107.428,2.106549365
107.462,2.106549365
107.503,2.106549365
107.549,2.052785924
107.607,2.023460411
107.662,2.013685239
107.7,2.003910068
107.753,1.964809384
107.806,1.915933529
107.848,1.896383187
107.905,1.906158358
107.962,1.915933529
108.016,1.915933529
108.056,1.9257087
108.091,1.9257087
108.129,1.930596285
108.171,1.940371457
108.228,1.950146628
108.28,1.950146628
108.332,1.9257087
108.39,1.915933529
108.428,1.9257087
108.478,1.959921799
108.519,1.964809384
108.558,1.979472141
108.613,1.964809384
108.654,1.989247312
108.707,1.984359726
108.755,1.984359726
108.803,1.999022483
108.843,2.008797654
108.879,2.013685239
108.919,2.013685239
108.956,2.008797654
108.994,1.999022483
109.031,1.989247312
109.081,2.023460411
109.122,2.028347996
109.178,2.038123167
109.236,2.033235582
109.295,2.033235582
109.331,2.013685239
109.386,2.013685239
109.441,2.038123167
109.493,2.028347996
109.523,2.038123167
109.558,2.047898338
109.591,2.033235582
109.629,2.023460411
109.668,2.023460411
109.71,2.028347996
109.759,2.057673509
109.816,2.043010753
109.87,2.033235582
109.907,2.038123167
109.957,2.052785924
109.997,2.052785924
110.036,2.043010753
110.074,2.043010753
110.113,2.033235582
110.165,2.038123167
110.201,2.052785924
110.243,2.062561095
110.285,2.052785924
110.319,2.062561095
110.359,2.052785924
110.401,2.047898338
110.453,2.086999022
110.491,2.096774194
110.535,2.174975562
110.592,2.238514174
110.645,2.292277615
110.681,2.336265885
110.718,2.346041056
110.756,2.355816227
110.796,2.375366569
110.848,2.355816227
110.885,2.370478983
110.923,2.399804497
110.959,2.409579668
110.995,2.404692082
111.048,2.394916911
111.082,2.404692082
111.118,2.414467253
111.173,2.38514174
111.225,2.355816227
111.258,2.360703812
111.286,2.321603128
111.323,2.316715543
111.358,2.326490714
111.393,2.302052786
111.431,2.282502444
111.466,2.277614858
111.505,2.267839687
111.541,2.282502444
111.577,2.277614858
111.614,2.267839687
111.648,2.24340176
111.69,2.238514174
111.73,2.233626588
111.765,2.233626588
111.799,2.258064516
111.831,2.228739003
111.87,2.223851417
111.915,2.233626588
111.952,2.214076246
112.005,2.233626588
112.045,2.223851417
112.081,2.228739003
112.119,2.228739003
112.172,2.194525904
112.208,2.184750733
112.246,2.189638319
112.275,2.189638319
112.312,2.170087977
112.352,2.150537634
112.392,2.140762463
112.433,2.130987292
112.487,2.106549365
112.523,2.11143695
112.561,2.11143695
112.614,2.082111437
112.652,2.072336266
112.688,2.077223851
112.742,2.091886608
112.783,2.101661779
112.825,2.091886608
112.868,2.06744868
112.902,2.096774194
112.959,2.086999022
112.986,2.057673509
113.015,2.072336266
113.045,2.062561095
113.075,2.062561095
113.114,2.047898338
113.149,2.033235582
113.182,2.043010753
113.22,2.052785924
113.256,2.047898338
113.295,2.028347996
113.322,2.038123167
113.359,2.052785924
113.397,2.047898338
113.437,2.047898338
113.472,2.033235582
113.506,2.033235582
113.543,2.052785924
113.575,2.06744868
113.613,2.052785924
113.651,2.047898338
113.682,2.072336266
113.737,2.077223851
113.774,2.062561095
113.81,2.038123167
113.847,2.047898338
113.902,2.06744868
113.942,2.062561095
113.999,2.062561095
114.04,2.062561095
114.078,2.057673509
114.134,2.033235582
114.189,2.013685239
114.238,2.028347996
114.276,2.018572825
114.33,1.999022483
114.362,2.013685239
114.417,2.023460411
114.449,2.008797654
114.487,2.018572825
114.513,2.028347996
114.567,2.008797654
114.597,2.033235582
114.629,2.013685239
114.659,2.038123167
114.7,2.038123167
114.741,2.033235582
114.778,2.028347996
114.817,2.038123167
114.854,2.028347996
114.891,2.023460411
114.932,2.028347996
114.967,2.033235582
115.006,2.052785924
115.043,2.06744868
115.081,2.072336266
115.122,2.077223851
115.156,2.057673509
115.209,2.06744868
115.264,2.086999022
115.314,2.072336266
115.35,2.06744868
115.397,2.077223851
115.436,2.091886608
115.482,2.121212121
115.525,2.135874878
115.567,2.184750733
115.616,2.282502444
115.652,2.34115347
115.69,2.380254154
115.721,2.448680352
115.754,2.512218964
115.792,2.536656891
115.825,2.57086999
115.879,2.629521017
115.918,2.624633431
115.956,2.619745846
115.992,2.595307918
116.025,2.590420332
116.062,2.605083089
116.095,2.580645161
116.132,2.541544477
116.17,2.521994135
116.205,2.512218964
116.246,2.502443793
116.284,2.502443793
116.326,2.478005865
116.369,2.438905181
116.399,2.453567937
116.439,2.443792766
116.496,2.424242424
116.538,2.409579668
116.594,2.375366569
116.639,2.390029326
116.69,2.350928641
116.722,2.365591398
116.762,2.365591398
116.803,2.360703812
116.846,2.355816227
116.898,2.346041056
116.931,2.311827957
116.972,2.306940371
117.008,2.302052786
117.045,2.302052786
117.086,2.306940371
117.122,2.306940371
117.156,2.311827957
117.192,2.282502444
117.224,2.287390029
117.269,2.282502444
117.308,2.282502444
117.341,2.302052786
117.398,2.282502444
117.434,2.272727273
117.472,2.262952102
117.525,2.272727273
117.579,2.282502444
117.614,2.262952102
117.651,2.258064516
117.691,2.258064516
117.735,2.253176931
117.768,2.248289345
117.807,2.248289345
117.845,2.262952102
117.884,2.262952102
117.922,2.267839687
117.963,2.262952102
118,2.262952102
118.035,2.24340176
118.086,2.233626588
118.126,2.24340176
118.165,2.253176931
118.205,2.248289345
118.241,2.253176931
118.279,2.24340176
118.312,2.223851417
118.349,2.223851417
118.383,2.228739003
118.423,2.248289345
118.476,2.228739003
118.517,2.228739003
118.57,2.214076246
118.611,2.214076246
118.652,2.209188661
118.693,2.204301075
118.728,2.204301075
118.781,2.218963832
118.819,2.209188661
118.855,2.179863148
118.894,2.15542522
118.929,2.135874878
118.963,2.140762463
119.001,2.121212121
119.041,2.091886608
119.074,2.043010753
119.111,2.013685239
119.151,1.979472141
119.187,1.955034213
119.226,1.920821114
119.263,1.88172043
119.298,1.857282502
119.335,1.842619746
119.387,1.827956989
119.425,1.842619746
119.464,1.83773216
119.503,1.83773216
119.54,1.847507331
119.577,1.832844575
119.618,1.857282502
119.66,1.871945259
119.7,1.901270772
119.752,1.886608016
119.79,1.896383187
119.848,1.920821114
119.904,1.930596285
119.945,1.9257087
119.973,1.911045943
120.01,1.911045943
120.053,1.915933529
120.094,1.9257087
120.148,1.950146628
120.174,1.955034213
120.207,1.945259042
120.262,1.974584555
120.304,1.974584555
120.355,1.950146628
120.39,1.945259042
120.441,1.96969697
120.478,1.964809384
120.515,1.955034213
120.57,1.974584555
120.608,1.994134897
120.649,2.013685239
120.69,2.062561095
120.743,2.165200391
120.803,2.233626588
120.842,2.267839687
120.896,2.287390029
120.948,2.311827957
120.994,2.306940371
121.031,2.306940371
121.071,2.302052786
121.109,2.321603128
121.145,2.336265885
121.195,2.321603128
121.231,2.316715543
121.272,2.311827957
121.308,2.311827957
121.348,2.321603128
121.388,2.316715543
121.423,2.326490714
121.461,2.316715543
121.501,2.302052786
121.543,2.292277615
121.597,2.267839687
121.629,2.248289345
121.658,2.262952102
121.694,2.24340176
121.736,2.233626588
121.771,2.223851417
121.825,2.238514174
121.858,2.233626588
121.899,2.223851417
121.939,2.223851417
121.975,2.189638319
122.03,2.194525904
122.076,2.19941349
122.133,2.179863148
122.19,2.179863148
122.231,2.179863148
122.271,2.170087977
122.308,2.174975562
122.347,2.189638319
122.385,2.189638319
122.423,2.189638319
122.463,2.184750733
122.514,2.170087977
122.555,2.160312805
122.592,2.160312805
122.629,2.15542522
122.666,2.174975562
122.698,2.179863148
122.734,2.15542522
122.782,2.174975562
122.821,2.184750733
122.857,2.174975562
122.889,2.150537634
122.923,2.179863148
122.965,2.184750733
122.993,2.150537634
123.03,2.165200391
123.068,2.170087977
123.1,2.179863148
123.136,2.15542522
123.192,2.150537634
123.229,2.15542522
123.267,2.165200391
123.297,2.160312805
123.332,2.145650049
123.371,2.145650049
123.427,2.15542522
123.479,2.170087977
123.518,2.150537634
123.57,2.135874878
123.608,2.160312805
123.644,2.170087977
123.696,2.160312805
123.725,2.160312805
123.754,2.150537634
123.792,2.140762463
123.833,2.140762463
123.873,2.145650049
123.909,2.15542522
123.947,2.165200391
123.974,2.150537634
124.012,2.145650049
124.049,2.15542522
124.085,2.170087977
124.123,2.170087977
124.161,2.150537634
124.213,2.121212121
124.251,2.121212121
124.291,2.091886608
124.331,2.06744868
124.369,2.038123167
124.408,2.023460411
124.447,2.028347996
124.483,2.018572825
124.533,1.979472141
124.57,1.994134897
124.606,2.013685239
124.645,2.023460411
124.677,1.999022483
124.717,1.999022483
124.757,2.008797654
124.794,2.003910068
124.847,1.999022483
124.881,2.013685239
124.923,2.003910068
124.98,1.999022483
125.017,1.974584555
125.053,1.964809384
125.108,1.974584555
125.138,1.989247312
125.175,1.979472141
125.212,1.979472141
125.246,1.999022483
125.299,1.999022483
125.334,1.989247312
125.39,2.008797654
125.427,2.028347996
125.482,2.057673509
125.516,2.052785924
125.552,2.052785924
125.594,2.057673509
125.636,2.077223851
125.676,2.101661779
125.713,2.116324536
125.752,2.135874878
125.782,2.174975562
125.814,2.165200391
125.851,2.174975562
125.884,2.209188661
125.917,2.238514174
125.953,2.253176931
125.992,2.2971652
126.031,2.326490714
126.068,2.365591398
126.122,2.394916911
126.163,2.399804497
126.202,2.390029326
126.241,2.365591398
126.294,2.316715543
126.331,2.2971652
126.368,2.2971652
126.403,2.2971652
126.442,2.2971652
126.478,2.282502444
126.512,2.272727273
126.565,2.311827957
126.618,2.311827957
126.659,2.316715543
126.699,2.326490714
126.741,2.331378299
126.782,2.326490714
126.834,2.306940371
126.871,2.302052786
126.91,2.321603128
126.942,2.336265885
126.982,2.336265885
127.018,2.326490714
127.057,2.306940371
127.097,2.292277615
127.145,2.2971652
127.184,2.302052786
127.223,2.292277615
127.26,2.287390029
127.316,2.267839687
127.37,2.24340176
127.412,2.24340176
127.455,2.233626588
127.513,2.238514174
127.556,2.228739003
127.598,2.228739003
127.633,2.218963832
127.67,2.218963832
127.713,2.218963832
127.77,2.228739003
127.823,2.233626588
127.861,2.233626588
127.903,2.233626588
127.936,2.218963832
127.974,2.19941349
128.01,2.209188661
128.064,2.228739003
128.096,2.204301075
128.151,2.209188661
128.186,2.214076246
128.226,2.204301075
128.264,2.218963832
128.302,2.209188661
128.337,2.189638319
128.374,2.179863148
128.427,2.19941349
128.476,2.179863148
128.515,2.160312805
128.566,2.160312805
128.62,2.170087977
128.673,2.150537634
128.711,2.15542522
128.763,2.174975562
128.801,2.174975562
128.848,2.174975562
128.905,2.170087977
128.946,2.165200391
129.002,2.150537634
129.058,2.11143695
129.1,2.116324536
129.132,2.101661779
129.169,2.116324536
129.206,2.130987292
129.242,2.135874878
129.281,2.126099707
129.331,2.101661779
129.368,2.11143695
129.407,2.106549365
129.445,2.101661779
129.496,2.06744868
129.53,2.057673509
129.567,2.077223851
129.603,2.077223851
129.639,2.072336266
129.677,2.06744868
129.731,2.072336266
129.767,2.082111437
129.803,2.082111437
129.841,2.072336266
129.879,2.047898338
129.93,2.047898338
129.968,2.062561095
130.021,2.057673509
130.076,2.038123167
130.133,2.057673509
130.178,2.052785924
130.23,2.057673509
130.289,2.086999022
130.338,2.057673509
130.392,2.062561095
130.427,2.077223851
130.47,2.082111437
130.508,2.082111437
130.547,2.091886608
130.598,2.06744868
130.632,2.057673509
130.665,2.077223851
130.7,2.057673509
130.738,2.043010753
130.791,2.072336266
130.828,2.096774194
130.882,2.135874878
130.918,2.130987292
130.949,2.145650049
130.984,2.184750733
131.016,2.170087977
131.054,2.170087977
131.088,2.189638319
131.122,2.218963832
131.176,2.194525904
131.213,2.204301075
131.267,2.233626588
131.305,2.228739003
131.345,2.228739003
131.383,2.209188661
131.437,2.189638319
131.476,2.179863148
131.535,2.174975562
131.594,2.174975562
131.631,2.184750733
131.683,2.194525904
131.722,2.184750733
131.756,2.160312805
131.793,2.15542522
131.826,2.174975562
131.863,2.179863148
131.9,2.165200391
131.937,2.150537634
131.975,2.145650049
132.012,2.15542522
132.051,2.15542522
132.089,2.165200391
132.138,2.150537634
132.179,2.140762463
132.218,2.135874878
132.253,2.140762463
132.291,2.160312805
132.345,2.160312805
132.402,2.145650049
132.437,2.140762463
132.474,2.145650049
132.506,2.160312805
132.548,2.165200391
132.586,2.165200391
132.63,2.165200391
132.68,2.150537634
132.717,2.140762463
132.754,2.140762463
132.789,2.160312805
132.842,2.165200391
132.88,2.145650049
132.933,2.150537634
132.974,2.170087977
133.033,2.165200391
133.086,2.174975562
133.121,2.160312805
133.177,2.150537634
133.228,2.174975562
133.265,2.174975562
133.311,2.174975562
133.347,2.179863148
133.388,2.184750733
133.43,2.179863148
133.461,2.174975562
133.494,2.150537634
133.548,2.174975562
133.587,2.174975562
133.625,2.174975562
133.658,2.145650049
133.7,2.140762463
133.753,2.150537634
133.793,2.135874878
133.832,2.160312805
133.888,2.160312805
133.922,2.150537634
133.962,2.140762463
133.998,2.140762463
134.034,2.135874878
134.073,2.140762463
134.126,2.160312805
134.162,2.15542522
134.216,2.135874878
134.252,2.140762463
134.29,2.160312805
134.343,2.150537634
134.38,2.130987292
134.42,2.130987292
134.474,2.145650049
134.514,2.140762463
134.567,2.160312805
134.599,2.140762463
134.632,2.130987292
134.665,2.15542522
134.716,2.126099707
134.748,2.150537634
134.781,2.135874878
134.836,2.116324536
134.87,2.126099707
134.913,2.116324536
134.957,2.101661779
134.994,2.11143695
135.038,2.096774194
135.076,2.096774194
135.114,2.11143695
135.154,2.091886608
135.196,2.06744868
135.23,2.06744868
135.265,2.072336266
135.305,2.062561095
135.341,2.057673509
135.384,2.06744868
135.422,2.096774194
135.465,2.106549365
135.521,2.116324536
135.575,2.140762463
135.628,2.209188661
135.682,2.282502444
135.722,2.331378299
135.761,2.375366569
135.795,2.414467253
135.835,2.448680352
135.874,2.438905181
135.911,2.453567937
135.951,2.42913001
135.989,2.434017595
136.026,2.419354839
136.065,2.38514174
136.12,2.34115347
136.149,2.355816227
136.186,2.331378299
136.218,2.2971652
136.254,2.292277615
136.291,2.302052786
136.327,2.302052786
136.366,2.287390029
136.406,2.272727273
136.443,2.272727273
136.481,2.253176931
136.513,2.258064516
136.55,2.277614858
136.587,2.267839687
136.627,2.267839687
136.66,2.24340176
136.714,2.248289345
136.76,2.223851417
136.815,2.218963832
136.852,2.238514174
136.89,2.24340176
136.931,2.238514174
136.963,2.233626588
136.998,2.209188661
137.052,2.238514174
137.091,2.233626588
137.132,2.228739003
137.168,2.233626588
137.223,2.209188661
137.28,2.19941349
137.333,2.214076246
137.365,2.223851417
137.398,2.194525904
137.435,2.209188661
137.474,2.19941349
137.513,2.214076246
137.54,2.19941349
137.576,2.189638319
137.626,2.214076246
137.663,2.194525904
137.692,2.19941349
137.73,2.214076246
137.762,2.19941349
137.794,2.184750733
137.832,2.209188661
137.868,2.209188661
137.9,2.194525904
137.933,2.184750733
137.972,2.19941349
138.024,2.194525904
138.062,2.179863148
138.103,2.179863148
138.135,2.179863148
138.167,2.204301075
138.221,2.179863148
138.275,2.184750733
138.329,2.204301075
138.386,2.194525904
138.442,2.170087977
138.479,2.174975562
138.52,2.170087977
138.557,2.179863148
138.589,2.194525904
138.626,2.194525904
138.664,2.174975562
138.704,2.174975562
138.733,2.174975562
138.776,2.170087977
138.829,2.160312805
138.862,2.116324536
138.914,2.086999022
138.953,2.028347996
138.989,2.013685239
139.029,1.964809384
139.064,1.896383187
139.101,1.862170088
139.134,1.876832845
139.171,1.915933529
139.208,1.935483871
139.248,1.950146628
139.287,1.964809384
139.322,1.959921799
139.36,1.955034213
139.402,1.964809384
139.439,1.96969697
139.477,1.96969697
139.532,1.999022483
139.591,2.003910068
139.648,2.003910068
139.704,2.003910068
139.744,2.003910068
139.804,1.999022483
139.844,2.003910068
139.884,2.018572825
139.915,1.994134897
139.949,2.023460411
139.987,2.008797654
140.022,1.994134897
140.06,1.989247312
140.098,1.994134897
140.13,2.008797654
140.159,1.979472141
140.196,1.989247312
140.232,1.999022483
140.267,2.008797654
140.302,1.984359726
140.338,1.974584555
140.377,1.989247312
140.414,2.023460411
140.454,2.047898338
140.49,2.072336266
140.527,2.096774194
140.566,2.11143695
140.599,2.116324536
140.635,2.140762463
140.674,2.150537634
140.725,2.160312805
140.764,2.150537634
140.8,2.140762463
140.853,2.165200391
140.909,2.15542522
140.969,2.160312805
141.028,2.15542522
141.084,2.130987292
141.138,2.130987292
141.192,2.145650049
141.228,2.145650049
141.275,2.145650049
141.328,2.145650049
141.363,2.126099707
141.417,2.126099707
141.449,2.145650049
141.488,2.126099707
141.543,2.116324536
141.584,2.121212121
141.621,2.116324536
141.659,2.130987292
141.693,2.130987292
141.734,2.145650049
141.775,2.145650049
141.814,2.145650049
141.869,2.130987292
141.907,2.130987292
141.942,2.121212121
141.982,2.116324536
142.018,2.121212121
142.058,2.116324536
142.113,2.145650049
142.153,2.145650049
142.194,2.140762463
142.247,2.145650049
142.284,2.126099707
142.321,2.116324536
142.363,2.121212121
142.404,2.121212121
142.442,2.121212121
142.482,2.121212121
142.522,2.121212121
142.558,2.126099707
142.594,2.140762463
142.643,2.130987292
142.675,2.121212121
142.716,2.135874878
142.766,2.140762463
142.799,2.11143695
142.838,2.126099707
142.873,2.135874878
142.91,2.135874878
142.959,2.106549365
142.991,2.126099707
143.031,2.130987292
143.07,2.130987292
143.106,2.116324536
143.144,2.106549365
143.18,2.106549365
143.218,2.11143695
143.26,2.101661779
143.3,2.101661779
143.339,2.116324536
143.402,2.096774194
143.45,2.126099707
143.488,2.11143695
143.525,2.101661779
143.561,2.086999022
143.611,2.11143695
143.649,2.101661779
143.687,2.096774194
143.725,2.086999022
143.766,2.077223851
143.82,2.072336266
143.874,2.096774194
143.909,2.091886608
143.947,2.072336266
143.98,2.062561095
144.018,2.082111437
144.069,2.086999022
144.106,2.072336266
144.139,2.062561095
144.189,2.091886608
144.232,2.082111437
144.27,2.086999022
144.322,2.06744868
144.359,2.06744868
144.399,2.096774194
144.458,2.091886608
144.507,2.101661779
144.545,2.086999022
144.583,2.077223851
144.633,2.096774194
144.666,2.106549365
144.699,2.082111437
144.741,2.096774194
144.778,2.096774194
144.815,2.101661779
144.848,2.106549365
144.886,2.086999022
144.93,2.096774194
144.985,2.086999022
145.027,2.091886608
145.068,2.116324536
145.107,2.106549365
145.158,2.11143695
145.202,2.116324536
145.249,2.135874878
145.287,2.126099707
145.317,2.135874878
145.348,2.126099707
145.396,2.126099707
145.43,2.145650049
145.471,2.135874878
145.52,2.135874878
145.561,2.121212121
145.605,2.126099707
145.662,2.15542522
145.725,2.209188661
145.779,2.267839687
145.818,2.287390029
145.856,2.316715543
145.897,2.316715543
145.934,2.34115347
145.966,2.326490714
145.999,2.311827957
146.04,2.321603128
146.078,2.331378299
146.114,2.331378299
146.151,2.331378299
146.205,2.2971652
146.258,2.311827957
146.3,2.311827957
146.338,2.306940371
146.38,2.287390029
146.416,2.287390029
146.455,2.302052786
146.508,2.277614858
146.55,2.253176931
146.589,2.258064516
146.625,2.228739003
146.663,2.218963832
146.713,2.233626588
146.753,2.223851417
146.788,2.19941349
146.834,2.19941349
146.876,2.184750733
146.912,2.189638319
146.951,2.184750733
146.986,2.165200391
147.023,2.150537634
147.059,2.15542522
147.094,2.170087977
147.134,2.170087977
147.188,2.140762463
147.224,2.135874878
147.261,2.130987292
147.298,2.135874878
147.333,2.15542522
147.372,2.150537634
147.411,2.150537634
147.445,2.126099707
147.485,2.121212121
147.539,2.135874878
147.579,2.135874878
147.626,2.126099707
147.684,2.126099707
147.741,2.140762463
147.781,2.130987292
147.822,2.130987292
147.857,2.145650049
147.894,2.160312805
147.941,2.140762463
147.987,2.135874878
148.028,2.140762463
148.067,2.130987292
148.123,2.121212121
148.171,2.140762463
148.205,2.116324536
148.245,2.096774194
148.285,2.082111437
148.319,2.082111437
148.358,2.086999022
148.399,2.086999022
148.436,2.086999022
148.471,2.086999022
148.51,2.077223851
148.537,2.06744868
148.574,2.072336266
148.613,2.06744868
148.644,2.043010753
148.678,2.052785924
148.715,2.062561095
148.752,2.06744868
148.788,2.047898338
148.826,2.038123167
148.865,2.038123167
148.921,2.062561095
148.962,2.062561095
149.017,2.072336266
149.06,2.072336266
149.1,2.077223851
149.162,2.057673509
149.22,2.077223851
149.261,2.06744868
149.316,2.082111437
149.353,2.082111437
149.391,2.072336266
149.432,2.072336266
149.468,2.072336266
149.505,2.052785924
149.557,2.077223851
149.596,2.091886608
149.636,2.096774194
149.674,2.101661779
149.71,2.086999022
149.741,2.072336266
149.775,2.096774194
149.807,2.101661779
149.844,2.086999022
149.893,2.121212121
149.931,2.116324536
149.967,2.101661779
150.02,2.106549365
150.057,2.11143695
150.095,2.130987292
150.132,2.121212121
150.175,2.126099707
150.215,2.130987292
150.258,2.135874878
150.294,2.135874878
150.348,2.145650049
150.403,2.150537634
150.458,2.170087977
150.511,2.19941349
150.565,2.209188661
150.62,2.184750733
150.659,2.184750733
150.697,2.194525904
150.748,2.179863148
150.786,2.160312805
150.825,2.15542522
150.867,2.150537634
150.907,2.15542522
150.949,2.150537634
150.987,2.15542522
151.025,2.150537634
151.061,2.15542522
151.098,2.170087977
151.133,2.174975562
151.172,2.170087977
151.21,2.165200391
151.265,2.145650049
151.298,2.15542522
151.332,2.174975562
151.365,2.150537634
151.403,2.15542522
151.447,2.150537634
151.499,2.150537634
151.538,2.174975562
151.585,2.150537634
151.628,2.15542522
151.667,2.15542522
151.709,2.150537634
151.767,2.145650049
151.819,2.15542522
151.86,2.150537634
151.913,2.170087977
151.967,2.15542522
152.002,2.145650049
152.04,2.150537634
152.073,2.170087977
152.106,2.150537634
152.148,2.145650049
152.189,2.145650049
152.241,2.145650049
152.278,2.165200391
152.316,2.170087977
152.352,2.165200391
152.404,2.145650049
152.436,2.150537634
152.47,2.170087977
152.524,2.140762463
152.566,2.140762463
152.609,2.165200391
152.647,2.145650049
152.699,2.145650049
152.732,2.170087977
152.77,2.160312805
152.811,2.15542522
152.864,2.135874878
152.906,2.135874878
152.963,2.140762463
153.021,2.145650049
153.056,2.150537634
153.093,2.165200391
153.13,2.150537634
153.163,2.130987292
153.225,2.116324536
153.276,2.130987292
153.314,2.140762463
153.347,2.121212121
153.375,2.130987292
153.414,2.135874878
153.455,2.135874878
153.497,2.135874878
153.535,2.130987292
153.568,2.130987292
153.605,2.116324536
153.645,2.11143695
153.683,2.106549365
153.719,2.11143695
153.757,2.130987292
153.809,2.126099707
153.847,2.101661779
153.899,2.106549365
153.949,2.121212121
153.986,2.096774194
154.023,2.096774194
154.065,2.096774194
154.118,2.116324536
154.173,2.121212121
154.227,2.101661779
154.264,2.096774194
154.301,2.096774194
154.336,2.101661779
154.375,2.116324536
154.416,2.126099707
154.469,2.130987292
154.507,2.116324536
154.56,2.121212121
154.601,2.145650049
154.639,2.165200391
154.679,2.174975562
154.73,2.179863148
154.764,2.150537634
154.792,2.170087977
154.829,2.15542522
154.864,2.135874878
154.904,2.135874878
154.945,2.130987292
154.973,2.160312805
155.008,2.15542522
155.045,2.150537634
155.096,2.145650049
155.129,2.15542522
155.171,2.145650049
155.215,2.150537634
155.268,2.135874878
155.325,2.130987292
155.379,2.121212121
155.42,2.126099707
155.46,2.126099707
155.51,2.145650049
155.55,2.135874878
155.598,2.121212121
155.634,2.140762463
155.673,2.150537634
155.71,2.140762463
155.766,2.121212121
155.803,2.121212121
155.842,2.126099707
155.88,2.130987292
155.919,2.130987292
155.973,2.145650049
156.014,2.145650049
156.049,2.145650049
156.082,2.121212121
156.119,2.121212121
156.157,2.130987292
156.193,2.145650049
156.232,2.145650049
156.271,2.145650049
156.311,2.145650049
156.344,2.130987292
156.377,2.121212121
156.414,2.145650049
156.464,2.121212121
156.524,2.121212121
156.584,2.121212121
156.64,2.130987292
156.693,2.150537634
156.736,2.145650049
156.775,2.150537634
156.812,2.15542522
156.865,2.135874878
156.902,2.126099707
156.94,2.130987292
156.978,2.126099707
157.019,2.121212121
157.073,2.150537634
157.111,2.15542522
157.152,2.15542522
157.193,2.15542522
157.25,2.15542522
157.293,2.15542522
157.331,2.15542522
157.38,2.126099707
157.416,2.135874878
157.45,2.150537634
157.489,2.135874878
157.53,2.140762463
157.57,2.145650049
157.612,2.150537634
157.651,2.150537634
157.708,2.140762463
157.751,2.15542522
157.793,2.15542522
157.818,2.126099707
157.851,2.145650049
157.885,2.140762463
157.922,2.126099707
157.952,2.150537634
157.995,2.145650049
158.044,2.126099707
158.076,2.126099707
158.109,2.15542522
158.147,2.145650049
158.185,2.130987292
158.22,2.126099707
158.257,2.135874878
158.296,2.150537634
158.332,2.150537634
158.369,2.150537634
158.421,2.121212121
158.458,2.121212121
158.512,2.145650049
158.552,2.150537634
158.585,2.140762463
158.622,2.121212121
158.657,2.126099707
158.696,2.135874878
158.733,2.145650049
158.769,2.145650049
158.802,2.126099707
158.865,2.121212121
158.904,2.126099707
158.94,2.126099707
158.978,2.126099707
159.011,2.150537634
159.049,2.150537634
159.102,2.126099707
159.143,2.126099707
159.179,2.126099707
159.21,2.145650049
159.248,2.150537634
159.282,2.130987292
159.316,2.135874878
159.357,2.145650049
159.392,2.145650049
159.43,2.150537634
159.485,2.135874878
159.519,2.126099707
159.551,2.145650049
159.589,2.15542522
159.627,2.135874878
159.664,2.130987292
159.698,2.126099707
159.735,2.140762463
159.778,2.135874878
159.83,2.160312805
159.868,2.170087977
159.902,2.150537634
159.936,2.145650049
159.995,2.170087977
160.052,2.170087977
160.105,2.170087977
160.146,2.160312805
160.178,2.145650049
160.219,2.150537634
160.251,2.165200391
160.284,2.170087977
160.322,2.150537634
160.358,2.145650049
160.405,2.160312805
160.456,2.160312805
160.494,2.179863148
160.535,2.184750733
160.573,2.189638319
160.61,2.184750733
160.649,2.179863148
160.682,2.160312805
160.718,2.145650049
160.752,2.160312805
160.793,2.170087977
160.833,2.15542522
160.871,2.170087977
160.91,2.174975562
160.95,2.174975562
161.005,2.174975562
161.061,2.145650049
161.112,2.160312805
161.148,2.170087977
161.191,2.165200391
161.243,2.150537634
161.279,2.135874878
161.318,2.135874878
161.375,2.145650049
161.427,2.165200391
161.459,2.135874878
161.493,2.140762463
161.532,2.15542522
161.589,2.15542522
161.628,2.15542522
161.669,2.15542522
161.718,2.126099707
161.753,2.140762463
161.792,2.150537634
161.844,2.15542522
161.881,2.135874878
161.935,2.140762463
161.974,2.150537634
162.008,2.160312805
162.046,2.15542522
162.099,2.130987292
162.133,2.150537634
162.174,2.145650049
162.212,2.150537634
162.252,2.165200391
162.292,2.165200391
162.328,2.170087977
162.382,2.145650049
162.415,2.145650049
162.457,2.145650049
162.513,2.15542522
162.558,2.145650049
162.616,2.150537634
162.67,2.170087977
162.729,2.165200391
162.784,2.150537634
162.838,2.145650049
162.89,2.174975562
162.932,2.174975562
162.973,2.165200391
163.014,2.174975562
163.054,2.233626588
163.091,2.360703812
163.128,2.502443793
163.17,2.605083089
163.206,2.653958944
163.243,2.688172043
163.294,2.697947214
163.332,2.7028348
163.386,2.697947214
163.427,2.683284457
163.464,2.673509286
163.516,2.629521017
163.555,2.619745846
163.591,2.61485826
163.625,2.605083089
163.669,2.585532747
163.704,2.556207234
163.745,2.541544477
163.805,2.507331378
163.866,2.478005865
163.906,2.468230694
163.96,2.443792766
163.999,2.448680352
164.032,2.47311828
164.085,2.551319648
164.138,2.580645161
164.191,2.590420332
164.229,2.590420332
164.267,2.551319648
164.304,2.478005865
164.336,2.277614858
164.369,2.267839687
164.4,2.238514174
164.45,2.248289345
164.488,2.267839687
164.542,2.267839687
164.581,2.258064516
164.614,2.248289345
164.643,2.262952102
164.676,2.248289345
164.714,2.267839687
164.748,2.267839687
164.786,2.282502444
164.821,2.277614858
164.861,2.267839687
164.914,2.262952102
164.954,2.267839687
165.007,2.282502444
165.049,2.282502444
165.102,2.262952102
165.142,2.253176931
165.182,2.233626588
165.216,2.218963832
165.254,2.214076246
165.311,2.214076246
165.349,2.204301075
165.388,2.19941349
165.445,2.189638319
165.483,2.15542522
165.519,2.130987292
165.556,2.116324536
165.61,2.140762463
165.648,2.135874878
165.686,2.11143695
165.725,2.062561095
165.766,2.043010753
165.792,1.999022483
165.833,2.003910068
165.871,1.989247312
165.913,1.959921799
165.948,1.950146628
165.985,1.96969697
166.023,1.994134897
166.089,2.033235582
166.146,2.072336266
166.205,2.072336266
166.261,2.077223851
166.303,2.091886608
166.343,2.101661779
166.392,2.082111437
166.433,2.06744868
166.473,2.077223851
166.511,2.082111437
166.554,2.091886608
166.614,2.096774194
166.661,2.091886608
166.72,2.077223851
166.769,2.106549365
166.807,2.106549365
166.849,2.106549365
166.886,2.101661779
166.915,2.072336266
166.967,2.096774194
167.005,2.096774194
167.031,2.077223851
167.083,2.106549365
167.113,2.082111437
167.145,2.106549365
167.179,2.086999022
167.216,2.082111437
167.255,2.077223851
167.298,2.082111437
167.346,2.116324536
167.396,2.101661779
167.449,2.135874878
167.484,2.140762463
167.522,2.130987292
167.565,2.130987292
167.607,2.135874878
167.637,2.11143695
167.692,2.126099707
167.732,2.130987292
167.772,2.121212121
167.808,2.135874878
167.862,2.126099707
167.917,2.106549365
167.958,2.106549365
168.01,2.130987292
168.052,2.130987292
168.09,2.116324536
168.127,2.130987292
168.181,2.11143695
168.218,2.116324536
168.259,2.116324536
168.314,2.116324536
168.344,2.135874878
168.384,2.130987292
168.417,2.116324536
168.456,2.116324536
168.509,2.135874878
168.551,2.145650049
168.608,2.15542522
168.661,2.140762463
168.713,2.126099707
168.755,2.126099707
168.793,2.140762463
168.85,2.160312805
168.9,2.150537634
168.939,2.145650049
168.976,2.135874878
169.012,2.145650049
169.067,2.170087977
169.11,2.165200391
169.15,2.165200391
169.189,2.160312805
169.231,2.150537634
169.27,2.150537634
169.311,2.145650049
169.349,2.160312805
169.39,2.15542522
169.431,2.150537634
169.483,2.170087977
169.512,2.140762463
169.545,2.174975562
169.586,2.174975562
169.616,2.150537634
169.668,2.189638319
169.706,2.19941349
169.764,2.223851417
169.819,2.223851417
169.86,2.292277615
169.897,2.316715543
169.935,2.365591398
169.973,2.390029326
170.007,2.414467253
170.044,2.419354839
170.078,2.370478983
170.119,2.34115347
170.155,2.316715543
170.2,2.331378299
170.238,2.331378299
170.275,2.355816227
170.316,2.380254154
170.343,2.404692082
170.382,2.38514174
170.422,2.370478983
170.464,2.375366569
170.494,2.350928641
170.54,2.350928641
170.583,2.34115347
170.636,2.311827957
170.676,2.311827957
170.731,2.336265885
170.766,2.34115347
170.804,2.34115347
170.843,2.326490714
170.879,2.302052786
170.928,2.321603128
170.979,2.282502444
171.033,2.258064516
171.072,2.253176931
171.119,2.258064516
171.174,2.24340176
171.229,2.233626588
171.285,2.272727273
171.322,2.248289345
171.362,2.228739003
171.403,2.214076246
171.442,2.214076246
171.487,2.204301075
171.548,2.19941349
171.6,2.179863148
171.651,2.174975562
171.683,2.19941349
171.732,2.145650049
171.773,2.140762463
171.827,2.135874878
171.895,2.096774194
171.96,2.06744868
172.003,2.082111437
172.04,2.057673509
172.1,2.06744868
172.155,2.052785924
172.208,2.077223851
172.245,2.116324536
172.303,2.116324536
172.339,2.126099707
172.394,2.135874878
172.438,2.140762463
172.466,2.165200391
172.504,2.160312805
172.565,2.145650049
172.622,2.140762463
172.673,2.116324536
172.711,2.130987292
172.754,2.135874878
172.794,2.135874878
172.849,2.170087977
172.902,2.170087977
172.963,2.170087977
173.007,2.184750733
173.064,2.184750733
173.123,2.184750733
173.163,2.174975562
173.206,2.170087977
173.267,2.174975562
173.324,2.165200391
173.385,2.179863148
173.446,2.184750733
173.502,2.174975562
173.553,2.150537634
173.614,2.121212121
173.672,2.140762463
173.722,2.15542522
173.769,2.179863148
173.826,2.223851417
173.884,2.24340176
173.921,2.233626588
173.978,2.174975562
174.033,2.11143695
174.078,2.062561095
174.121,2.043010753
174.172,2.023460411
174.235,2.023460411
174.288,2.140762463
174.341,2.170087977
174.397,2.140762463
174.449,2.160312805
174.485,2.174975562
174.526,2.174975562
174.567,2.179863148
174.609,2.174975562
174.662,2.184750733
174.705,2.189638319
174.759,2.174975562
174.82,2.174975562
174.88,2.174975562
174.942,2.15542522
175.001,2.15542522
175.042,2.165200391
175.083,2.165200391
175.135,2.165200391
175.179,2.135874878
175.236,2.130987292
175.274,2.126099707
175.318,2.130987292
175.376,2.126099707
175.426,2.145650049
175.481,2.140762463
175.523,2.145650049
175.574,2.126099707
175.627,2.145650049
175.659,2.150537634
175.698,2.130987292
175.74,2.150537634
175.795,2.140762463
175.835,2.204301075
175.873,2.238514174
175.909,2.267839687
175.959,2.258064516
176.018,2.214076246
176.075,2.179863148
176.122,2.174975562
176.176,2.145650049
176.235,2.11143695
176.273,2.106549365
176.312,2.096774194
176.364,2.096774194
176.403,2.082111437
176.46,2.052785924
176.509,2.062561095
176.552,2.06744868
176.584,2.062561095
176.625,2.052785924
176.669,2.033235582
176.706,2.043010753
176.747,2.043010753
176.803,2.043010753
176.856,2.023460411
176.894,2.018572825
176.927,2.052785924
176.969,2.062561095
177.01,2.052785924
177.052,2.057673509
177.113,2.047898338
177.163,2.06744868
177.227,2.077223851
177.285,2.086999022
177.344,2.091886608
177.402,2.082111437
177.439,2.077223851
177.479,2.072336266
177.536,2.057673509
177.579,2.077223851
177.64,2.077223851
177.696,2.082111437
177.754,2.086999022
177.811,2.106549365
177.847,2.121212121
177.907,2.126099707
177.943,2.126099707
177.995,2.096774194
178.028,2.11143695
178.067,2.126099707
178.106,2.130987292
178.159,2.11143695
178.194,2.101661779
178.234,2.11143695
178.271,2.126099707
178.306,2.130987292
178.343,2.130987292
178.382,2.116324536
178.417,2.11143695
178.457,2.101661779
178.501,2.116324536
178.559,2.106549365
178.613,2.106549365
178.669,2.135874878
178.72,2.140762463
178.755,2.121212121
178.794,2.121212121
178.831,2.145650049
178.869,2.15542522
178.908,2.150537634
178.944,2.15542522
178.983,2.145650049
179.024,2.145650049
179.058,2.116324536
179.115,2.121212121
179.153,2.116324536
179.209,2.135874878
179.243,2.145650049
179.279,2.126099707
179.334,2.11143695
179.371,2.126099707
179.404,2.145650049
179.441,2.135874878
179.48,2.116324536
179.519,2.121212121
179.56,2.140762463
179.599,2.126099707
179.638,2.130987292
179.701,2.130987292
179.738,2.135874878
179.777,2.130987292
179.836,2.121212121
179.877,2.126099707
179.916,2.126099707
179.97,2.140762463
180.001,2.130987292
180.038,2.126099707
180.088,2.135874878
180.124,2.150537634
180.162,2.140762463
180.199,2.121212121
180.251,2.116324536
180.29,2.135874878
180.333,2.121212121
180.374,2.116324536
180.43,2.130987292
180.475,2.130987292
180.517,2.121212121
180.556,2.11143695
180.593,2.121212121
180.633,2.126099707
180.682,2.145650049
180.726,2.145650049
180.765,2.150537634
180.798,2.121212121
180.835,2.126099707
180.888,2.140762463
180.943,2.150537634
180.999,2.140762463
181.046,2.174975562
181.082,2.19941349
181.137,2.19941349
181.173,2.228739003
181.21,2.233626588
181.264,2.277614858
181.305,2.282502444
181.345,2.287390029
181.378,2.262952102
181.416,2.238514174
181.469,2.24340176
181.506,2.228739003
181.552,2.204301075
181.609,2.179863148
181.652,2.165200391
181.699,2.130987292
181.751,2.145650049
181.8,2.140762463
181.828,2.145650049
181.867,2.165200391
181.907,2.165200391
181.939,2.160312805
181.977,2.145650049
182.018,2.145650049
182.072,2.160312805
182.127,2.170087977
182.181,2.150537634
182.235,2.145650049
182.289,2.160312805
182.342,2.160312805
182.373,2.145650049
182.409,2.160312805
182.449,2.165200391
182.496,2.145650049
182.55,2.165200391
182.585,2.174975562
182.623,2.174975562
182.651,2.150537634
182.684,2.174975562
182.738,2.145650049
182.771,2.150537634
182.807,2.174975562
182.844,2.174975562
182.882,2.170087977
182.924,2.170087977
182.962,2.170087977
183.002,2.174975562
183.032,2.150537634
183.07,2.165200391
183.108,2.174975562
183.166,2.174975562
183.206,2.174975562
183.246,2.174975562
183.288,2.174975562
183.323,2.15542522
183.381,2.160312805
183.44,2.150537634
183.481,2.165200391
183.532,2.150537634
183.566,2.174975562
183.619,2.150537634
183.66,2.15542522
183.697,2.145650049
183.736,2.150537634
183.773,2.150537634
183.81,2.170087977
183.848,2.179863148
183.881,2.174975562
183.914,2.145650049
183.968,2.179863148
184.004,2.170087977
184.04,2.160312805
184.076,2.150537634
184.114,2.150537634
184.142,2.179863148
184.196,2.150537634
184.232,2.145650049
184.27,2.160312805
184.311,2.165200391
184.355,2.15542522
184.402,2.165200391
184.444,2.165200391
184.477,2.160312805
184.517,2.145650049
184.56,2.150537634
184.613,2.145650049
184.655,2.150537634
184.71,2.170087977
184.765,2.174975562
184.802,2.165200391
184.839,2.150537634
184.874,2.145650049
184.925,2.174975562
184.963,2.170087977
184.996,2.145650049
185.044,2.174975562
185.098,2.145650049
185.153,2.165200391
185.191,2.150537634
185.229,2.174975562
185.268,2.165200391
185.306,2.174975562
185.343,2.165200391
185.396,2.140762463
185.451,2.160312805
185.491,2.145650049
185.528,2.15542522
185.561,2.15542522
185.601,2.135874878
185.638,2.11143695
185.679,2.116324536
185.716,2.086999022
185.773,2.077223851
185.812,2.106549365
185.853,2.082111437
185.902,2.072336266
185.957,2.047898338
185.993,2.038123167
186.026,2.047898338
186.063,2.038123167
186.1,2.003910068
186.134,1.974584555
186.183,2.003910068
186.216,1.979472141
186.255,1.994134897
186.293,2.008797654
186.33,2.047898338
186.37,2.072336266
186.404,2.096774194
186.435,2.077223851
186.473,2.077223851
186.51,2.086999022
186.547,2.101661779
186.589,2.096774194
186.627,2.096774194
186.667,2.096774194
186.72,2.086999022
186.761,2.091886608
186.798,2.086999022
186.839,2.086999022
186.896,2.077223851
186.934,2.096774194
186.982,2.116324536
187.04,2.116324536
187.082,2.145650049
187.126,2.189638319
187.171,2.194525904
187.215,2.189638319
187.267,2.228739003
187.306,2.253176931
187.347,2.262952102
187.399,2.248289345
187.437,2.24340176
187.475,2.228739003
187.514,2.218963832
187.57,2.218963832
187.605,2.223851417
187.646,2.218963832
187.679,2.179863148
187.711,2.179863148
187.752,2.160312805
187.785,2.160312805
187.823,2.121212121
187.857,2.11143695
187.894,2.160312805
187.927,2.19941349
187.959,2.218963832
187.996,2.218963832
188.034,2.24340176
188.07,2.253176931
188.106,2.262952102
188.144,2.262952102
188.2,2.24340176
188.238,2.238514174
188.278,2.228739003
188.333,2.223851417
188.39,2.228739003
188.45,2.228739003
188.506,2.223851417
188.564,2.204301075
188.62,2.194525904
188.652,2.184750733
188.688,2.209188661
188.725,2.214076246
188.775,2.184750733
188.828,2.204301075
188.862,2.204301075
188.914,2.174975562
188.953,2.184750733
188.993,2.179863148
189.031,2.194525904
189.068,2.204301075
189.109,2.19941349
189.149,2.194525904
189.202,2.194525904
189.229,2.179863148
189.265,2.204301075
189.317,2.194525904
189.357,2.19941349
189.389,2.214076246
189.426,2.24340176
189.463,2.248289345
189.503,2.24340176
189.545,2.253176931
189.599,2.24340176
189.641,2.214076246
189.679,2.204301075
189.711,2.209188661
189.75,2.179863148
189.788,2.19941349
189.824,2.189638319
189.856,2.150537634
189.894,2.121212121
189.934,2.091886608
189.969,2.086999022
190.008,2.072336266
190.05,2.062561095
190.08,2.038123167
190.114,2.023460411
190.154,2.038123167
190.188,2.028347996
190.226,2.038123167
190.266,2.028347996
190.319,1.999022483
190.356,1.989247312
190.397,1.984359726
190.429,1.994134897
190.467,2.013685239
190.504,2.013685239
190.54,1.994134897
190.577,1.979472141
190.61,1.974584555
190.642,1.994134897
190.683,1.979472141
190.725,1.999022483
190.779,1.984359726
190.814,1.979472141
190.849,1.999022483
190.889,2.013685239
190.926,2.023460411
190.967,2.018572825
191.022,2.023460411
191.062,2.033235582
191.097,2.043010753
191.135,2.033235582
191.189,2.062561095
191.233,2.028347996
191.27,2.043010753
191.323,2.096774194
191.363,2.121212121
191.396,2.116324536
191.429,2.121212121
191.465,2.165200391
191.502,2.184750733
191.536,2.19941349
191.573,2.214076246
191.614,2.233626588
191.655,2.262952102
191.691,2.2971652
191.728,2.336265885
191.769,2.346041056
191.815,2.316715543
191.877,2.287390029
191.937,2.292277615
191.99,2.287390029
192.03,2.2971652
192.07,2.287390029
192.108,2.272727273
192.147,2.272727273
192.18,2.248289345
192.22,2.24340176
192.25,2.238514174
192.286,2.248289345
192.323,2.238514174
192.359,2.218963832
192.397,2.209188661
192.448,2.209188661
192.504,2.218963832
192.542,2.218963832
192.58,2.214076246
192.618,2.19941349
192.657,2.184750733
192.69,2.179863148
192.729,2.19941349
192.765,2.204301075
192.797,2.189638319
192.85,2.184750733
192.883,2.19941349
192.924,2.19941349
192.983,2.194525904
193.041,2.179863148
193.093,2.170087977
193.121,2.194525904
193.157,2.179863148
193.196,2.165200391
193.248,2.174975562
193.289,2.170087977
193.33,2.170087977
193.362,2.179863148
193.405,2.179863148
193.445,2.179863148
193.487,2.174975562
193.522,2.165200391
193.572,2.145650049
193.61,2.15542522
193.649,2.160312805
193.682,2.170087977
193.725,2.170087977
193.766,2.170087977
193.801,2.165200391
193.86,2.150537634
193.906,2.150537634
193.961,2.135874878
194.016,2.116324536
194.055,2.11143695
194.112,2.096774194
194.169,2.077223851
194.211,2.072336266
194.269,2.082111437
194.305,2.086999022
194.341,2.082111437
194.371,2.062561095
194.411,2.052785924
194.452,2.052785924
194.505,2.06744868
194.542,2.06744868
194.577,2.043010753
194.617,2.033235582
194.658,2.038123167
194.693,2.023460411
194.729,2.033235582
194.766,2.047898338
194.804,2.043010753
194.836,2.028347996
194.875,2.013685239
194.912,2.013685239
194.963,2.047898338
195,2.043010753
195.054,2.038123167
195.093,2.043010753
195.15,2.062561095
195.207,2.091886608
195.26,2.086999022
195.318,2.077223851
195.358,2.082111437
195.416,2.082111437
195.446,2.106549365
195.501,2.11143695
195.542,2.116324536
195.577,2.106549365
195.611,2.101661779
195.643,2.126099707
195.68,2.130987292
195.736,2.116324536
195.771,2.126099707
195.815,2.130987292
195.867,2.165200391
195.906,2.184750733
195.939,2.189638319
195.971,2.179863148
196.024,2.223851417
196.062,2.238514174
196.115,2.238514174
196.153,2.258064516
196.189,2.282502444
196.242,2.2971652
196.29,2.287390029
196.335,2.292277615
196.369,2.302052786
196.41,2.316715543
196.469,2.321603128
196.525,2.331378299
196.568,2.331378299
196.603,2.331378299
196.655,2.2971652
196.696,2.2971652
196.755,2.272727273
196.796,2.267839687
196.851,2.258064516
196.885,2.272727273
196.926,2.262952102
196.962,2.262952102
196.992,2.228739003
197.04,2.253176931
197.077,2.228739003
197.114,2.214076246
197.152,2.209188661
197.192,2.209188661
197.234,2.19941349
197.269,2.19941349
197.315,2.19941349
197.364,2.223851417
197.402,2.218963832
197.444,2.218963832
197.483,2.218963832
197.52,2.214076246
197.56,2.214076246
197.596,2.19941349
197.638,2.19941349
197.679,2.214076246
197.717,2.189638319
197.77,2.179863148
197.804,2.209188661
197.845,2.209188661
197.902,2.204301075
197.943,2.204301075
197.986,2.189638319
198.039,2.204301075
198.094,2.174975562
198.148,2.189638319
198.188,2.194525904
198.225,2.19941349
198.262,2.19941349
198.301,2.19941349
198.338,2.189638319
198.378,2.170087977
198.418,2.179863148
198.456,2.179863148
198.496,2.174975562
198.53,2.170087977
198.586,2.194525904
198.622,2.194525904
198.658,2.189638319
198.695,2.174975562
198.729,2.170087977
198.761,2.19941349
198.799,2.179863148
198.838,2.189638319
198.871,2.165200391
198.905,2.184750733
198.95,2.170087977
198.989,2.174975562
199.027,2.184750733
199.069,2.170087977
199.127,2.184750733
199.161,2.194525904
199.2,2.179863148
199.25,2.170087977
199.288,2.160312805
199.326,2.165200391
199.379,2.165200391
199.412,2.121212121
199.464,2.140762463
199.498,2.126099707
199.54,2.116324536
199.592,2.072336266
199.622,2.082111437
199.66,2.072336266
199.693,2.052785924
199.748,2.047898338
199.796,2.047898338
199.852,2.033235582
199.887,2.057673509
199.924,2.072336266
199.961,2.077223851
200.013,2.062561095
200.045,2.062561095
200.083,2.091886608
200.137,2.082111437
200.173,2.06744868
200.21,2.072336266
200.247,2.086999022
200.28,2.106549365
200.332,2.077223851
200.371,2.082111437
200.406,2.11143695
200.443,2.121212121
200.485,2.116324536
200.527,2.106549365
200.566,2.091886608
200.609,2.072336266
200.665,2.091886608
200.701,2.096774194
200.734,2.091886608
200.771,2.091886608
200.825,2.126099707
200.862,2.15542522
200.901,2.170087977
200.94,2.189638319
200.975,2.189638319
201.013,2.174975562
201.052,2.184750733
201.087,2.189638319
201.141,2.218963832
201.183,2.218963832
201.227,2.214076246
201.262,2.233626588
201.316,2.233626588
201.355,2.209188661
201.394,2.218963832
201.431,2.204301075
201.472,2.19941349
201.509,2.19941349
201.551,2.189638319
201.583,2.209188661
201.62,2.204301075
201.656,2.189638319
201.693,2.174975562
201.732,2.174975562
201.781,2.189638319
201.822,2.194525904
201.861,2.194525904
201.905,2.189638319
201.951,2.160312805
202.001,2.184750733
202.039,2.174975562
202.078,2.174975562
202.117,2.160312805
202.156,2.165200391
202.193,2.15542522
202.224,2.160312805
202.264,2.179863148
202.316,2.174975562
202.356,2.150537634
202.414,2.165200391
202.468,2.160312805
202.5,2.174975562
202.537,2.165200391
202.57,2.145650049
202.606,2.15542522
202.644,2.165200391
202.682,2.170087977
202.72,2.170087977
202.753,2.15542522
202.792,2.140762463
202.828,2.145650049
202.865,2.160312805
202.902,2.165200391
202.937,2.165200391
202.971,2.145650049
203.021,2.170087977
203.061,2.170087977
203.115,2.150537634
203.156,2.150537634
203.19,2.140762463
203.247,2.160312805
203.288,2.145650049
203.339,2.170087977
203.397,2.15542522
203.435,2.145650049
203.477,2.15542522
203.517,2.150537634
203.551,2.140762463
203.602,2.165200391
203.631,2.140762463
203.661,2.170087977
203.704,2.170087977
203.737,2.174975562
203.77,2.145650049
203.8,2.170087977
203.853,2.150537634
203.906,2.15542522
203.941,2.165200391
203.98,2.165200391
204.02,2.15542522
204.062,2.121212121
204.099,2.077223851
204.152,2.047898338
204.186,2.033235582
204.223,2.043010753
204.273,2.013685239
204.309,1.999022483
204.348,1.999022483
204.406,2.003910068
204.449,2.003910068
204.506,2.008797654
204.564,2.033235582
204.623,2.057673509
204.68,2.072336266
204.736,2.057673509
204.781,2.062561095
204.836,2.06744868
204.872,2.072336266
204.903,2.077223851
204.937,2.096774194
204.969,2.077223851
205.001,2.11143695
205.041,2.121212121
205.079,2.140762463
205.119,2.140762463
205.155,2.145650049
205.195,2.150537634
205.236,2.194525904
205.277,2.218963832
205.314,2.223851417
205.351,2.24340176
205.389,2.267839687
205.424,2.306940371
205.462,2.346041056
205.498,2.346041056
205.539,2.346041056
205.571,2.321603128
205.608,2.316715543
205.658,2.336265885
205.69,2.306940371
205.729,2.302052786
205.773,2.306940371
205.816,2.292277615
205.871,2.282502444
205.913,2.277614858
205.954,2.267839687
206.01,2.24340176
206.059,2.262952102
206.096,2.248289345
206.135,2.228739003
206.191,2.214076246
206.225,2.223851417
206.264,2.228739003
206.301,2.233626588
206.332,2.218963832
206.37,2.194525904
206.404,2.204301075
206.458,2.214076246
206.499,2.214076246
206.538,2.214076246
206.58,2.214076246
206.617,2.19941349
206.653,2.184750733
206.694,2.189638319
206.73,2.179863148
206.786,2.194525904
206.825,2.189638319
206.863,2.194525904
206.897,2.179863148
206.942,2.19941349
206.982,2.194525904
207.018,2.19941349
207.058,2.194525904
207.096,2.184750733
207.138,2.184750733
207.192,2.160312805
207.233,2.160312805
207.273,2.160312805
207.313,2.170087977
207.353,2.160312805
207.395,2.170087977
207.437,2.174975562
207.488,2.160312805
207.526,2.170087977
207.567,2.165200391
207.6,2.184750733
207.654,2.15542522
207.696,2.165200391
207.735,2.165200391
207.775,2.165200391
207.813,2.15542522
207.855,2.150537634
207.895,2.15542522
207.936,2.160312805
207.969,2.145650049
208.009,2.150537634
208.055,2.160312805
208.092,2.145650049
208.132,2.150537634
208.184,2.15542522
208.222,2.174975562
208.264,2.174975562
208.311,2.150537634
208.352,2.150537634
208.408,2.15542522
208.458,2.174975562
208.497,2.165200391
208.535,2.150537634
208.593,2.145650049
208.65,2.150537634
208.688,2.145650049
208.725,2.15542522
208.762,2.165200391
208.8,2.170087977
208.853,2.135874878
208.906,2.150537634
208.942,2.150537634
208.982,2.145650049
209.034,2.11143695
209.07,2.082111437
209.1,2.091886608
209.151,2.038123167
209.205,1.979472141
209.258,1.984359726
209.297,1.994134897
209.337,1.994134897
209.377,2.008797654
209.415,2.008797654
209.451,1.999022483
209.487,2.008797654
209.525,2.023460411
209.562,2.038123167
209.617,2.028347996
209.664,2.023460411
209.697,2.018572825
209.734,1.994134897
209.766,2.008797654
209.803,2.028347996
209.841,2.038123167
209.878,2.038123167
209.917,2.06744868
209.972,2.057673509
210.028,2.077223851
210.077,2.106549365
210.115,2.086999022
210.151,2.086999022
210.189,2.091886608
210.22,2.11143695
210.254,2.106549365
210.297,2.101661779
210.335,2.106549365
210.372,2.096774194
210.411,2.091886608
210.452,2.091886608
210.506,2.11143695
210.546,2.116324536
210.586,2.116324536
210.62,2.126099707
210.654,2.116324536
210.687,2.096774194
210.725,2.116324536
210.761,2.126099707
210.786,2.101661779
210.825,2.126099707
210.877,2.116324536
210.929,2.106549365
210.962,2.126099707
211.001,2.135874878
211.04,2.135874878
211.073,2.116324536
211.11,2.106549365
211.146,2.116324536
211.179,2.135874878
211.238,2.121212121
211.272,2.121212121
211.31,2.106549365
211.352,2.101661779
211.404,2.121212121
211.445,2.121212121
211.487,2.121212121
211.528,2.11143695
211.574,2.11143695
211.606,2.121212121
211.638,2.140762463
211.687,2.116324536
211.722,2.135874878
211.762,2.140762463
211.802,2.145650049
211.839,2.145650049
211.872,2.121212121
211.91,2.121212121
211.951,2.121212121
211.987,2.130987292
212.035,2.140762463
212.075,2.121212121
212.112,2.130987292
212.154,2.130987292
212.184,2.15542522
212.238,2.135874878
212.274,2.126099707
212.31,2.126099707
212.345,2.145650049
212.379,2.15542522
212.414,2.140762463
212.455,2.130987292
212.506,2.135874878
212.541,2.15542522
212.579,2.15542522
212.616,2.140762463
212.673,2.126099707
212.724,2.15542522
212.765,2.145650049
212.818,2.145650049
212.854,2.135874878
212.913,2.130987292
212.971,2.135874878
213.003,2.150537634
213.055,2.135874878
213.089,2.130987292
213.129,2.135874878
213.16,2.15542522
213.199,2.150537634
213.235,2.140762463
213.266,2.130987292
213.302,2.160312805
213.337,2.160312805
213.374,2.140762463
213.413,2.130987292
213.453,2.135874878
213.503,2.15542522
213.542,2.160312805
213.575,2.150537634
213.61,2.130987292
213.651,2.130987292
213.703,2.15542522
213.737,2.150537634
213.777,2.135874878
213.813,2.126099707
213.85,2.126099707
213.888,2.135874878
213.923,2.15542522
213.96,2.160312805
214.003,2.160312805
214.048,2.140762463
214.093,2.130987292
214.142,2.160312805
214.183,2.160312805
214.222,2.150537634
214.263,2.15542522
214.317,2.140762463
214.362,2.150537634
214.415,2.145650049
214.456,2.130987292
214.491,2.116324536
214.532,2.116324536
214.583,2.130987292
214.62,2.116324536
214.666,2.116324536
214.711,2.077223851
214.768,2.091886608
214.8,2.106549365
214.837,2.086999022
214.885,2.086999022
214.918,2.106549365
214.972,2.082111437
215.014,2.082111437
215.055,2.086999022
215.107,2.101661779
215.156,2.106549365
215.195,2.11143695
215.236,2.106549365
215.291,2.086999022
215.321,2.121212121
215.356,2.101661779
215.392,2.096774194
215.448,2.130987292
215.484,2.145650049
215.521,2.150537634
215.558,2.15542522
215.594,2.135874878
215.631,2.140762463
215.664,2.165200391
215.701,2.189638319
215.734,2.184750733
215.781,2.218963832
215.831,2.209188661
215.869,2.223851417
215.905,2.24340176
215.945,2.262952102
215.979,2.302052786
216.012,2.2971652
216.046,2.316715543
216.082,2.355816227
216.116,2.355816227
216.153,2.346041056
216.183,2.370478983
216.221,2.370478983
216.259,2.375366569
216.294,2.346041056
216.353,2.331378299
216.405,2.350928641
216.457,2.346041056
216.508,2.311827957
216.546,2.331378299
216.59,2.316715543
216.633,2.287390029
216.688,2.287390029
216.722,2.302052786
216.761,2.292277615
216.8,2.282502444
216.854,2.248289345
216.895,2.24340176
216.927,2.248289345
216.975,2.233626588
217.012,2.228739003
217.05,2.228739003
217.086,2.238514174
217.123,2.248289345
217.158,2.24340176
217.199,2.223851417
217.224,2.228739003
217.263,2.24340176
217.304,2.238514174
217.333,2.209188661
217.383,2.233626588
217.432,2.214076246
217.473,2.204301075
217.505,2.228739003
217.545,2.228739003
217.573,2.194525904
217.605,2.204301075
217.638,2.218963832
217.672,2.184750733
217.704,2.204301075
217.742,2.204301075
217.777,2.204301075
217.815,2.170087977
217.852,2.160312805
217.885,2.174975562
217.934,2.145650049
217.966,2.15542522
218.019,2.150537634
218.05,2.130987292
218.081,2.145650049
218.116,2.116324536
218.171,2.096774194
218.224,2.106549365
218.265,2.096774194
218.302,2.096774194
218.339,2.072336266
218.376,2.052785924
218.412,2.047898338
218.451,2.062561095
218.507,2.072336266
218.56,2.077223851
218.596,2.047898338
218.632,2.043010753
218.689,2.06744868
218.733,2.038123167
218.774,2.038123167
218.814,2.023460411
218.858,2.018572825
218.91,2.018572825
218.95,2.028347996
219.003,2.043010753
219.035,2.033235582
219.068,2.023460411
219.104,2.043010753
219.13,2.013685239
219.17,2.023460411
219.208,2.038123167
219.243,2.047898338
219.285,2.043010753
219.325,2.047898338
219.368,2.043010753
219.408,2.038123167
219.448,2.043010753
219.489,2.043010753
219.528,2.052785924
219.584,2.06744868
219.638,2.062561095
219.693,2.047898338
219.749,2.06744868
219.802,2.082111437
219.853,2.062561095
219.89,2.06744868
219.928,2.072336266
219.964,2.086999022
220.002,2.086999022
220.033,2.06744868
220.064,2.086999022
220.101,2.082111437
220.136,2.06744868
220.17,2.06744868
220.203,2.091886608
220.236,2.082111437
220.273,2.06744868
220.325,2.082111437
220.365,2.077223851
220.396,2.047898338
220.43,2.052785924
220.482,2.086999022
220.523,2.06744868
220.561,2.11143695
220.599,2.126099707
220.642,2.140762463
220.682,2.184750733
220.723,2.238514174
220.763,2.282502444
220.822,2.336265885
220.877,2.38514174
220.922,2.424242424
220.976,2.438905181
221.019,2.434017595
221.071,2.399804497
221.107,2.404692082
221.139,2.404692082
221.178,2.370478983
221.214,2.336265885
221.247,2.331378299
221.288,2.336265885
221.329,2.302052786
221.367,2.302052786
221.422,2.292277615
221.457,2.262952102
221.515,2.248289345
221.555,2.24340176
221.591,2.248289345
221.631,2.238514174
221.665,2.253176931
221.707,2.24340176
221.769,2.233626588
221.804,2.24340176
221.836,2.218963832
221.874,2.214076246
221.931,2.214076246
221.984,2.233626588
222.027,2.233626588
222.059,2.223851417
222.104,2.228739003
222.146,2.228739003
222.201,2.223851417
222.255,2.189638319
222.293,2.19941349
222.329,2.214076246
222.386,2.209188661
222.421,2.214076246
222.449,2.19941349
222.489,2.19941349
222.537,2.19941349
222.589,2.184750733
222.627,2.19941349
222.663,2.209188661
222.7,2.19941349
222.734,2.179863148
222.769,2.189638319
222.821,2.204301075
222.882,2.19941349
222.923,2.204301075
222.974,2.174975562
223.013,2.174975562
223.051,2.184750733
223.091,2.179863148
223.144,2.19941349
223.183,2.189638319
223.236,2.174975562
223.272,2.165200391
223.31,2.170087977
223.347,2.174975562
223.386,2.194525904
223.422,2.189638319
223.458,2.174975562
223.501,2.174975562
223.562,2.189638319
223.605,2.179863148
223.644,2.174975562
223.683,2.174975562
223.722,2.165200391
223.756,2.145650049
223.795,2.135874878
223.836,2.130987292
223.869,2.135874878
223.901,2.150537634
223.956,2.106549365
223.994,2.101661779
224.033,2.096774194
224.074,2.082111437
224.118,2.082111437
224.155,2.072336266
224.187,2.086999022
224.225,2.096774194
224.278,2.086999022
224.337,2.06744868
224.393,2.06744868
224.434,2.06744868
224.486,2.091886608
224.523,2.096774194
224.56,2.086999022
224.596,2.086999022
224.635,2.072336266
224.67,2.077223851
224.707,2.106549365
224.758,2.086999022
224.812,2.086999022
224.867,2.101661779
224.904,2.11143695
224.962,2.101661779
225.003,2.106549365
225.043,2.091886608
225.081,2.082111437
225.132,2.057673509
225.17,2.06744868
225.209,2.057673509
225.248,2.052785924
225.286,2.062561095
225.322,2.057673509
225.359,2.043010753
225.402,2.043010753
225.437,2.043010753
225.473,2.033235582
225.528,2.052785924
225.566,2.06744868
225.607,2.06744868
225.649,2.06744868
225.686,2.106549365
225.724,2.130987292
225.76,2.135874878
225.797,2.145650049
225.835,2.174975562
225.863,2.228739003
225.9,2.233626588
225.953,2.228739003
225.99,2.262952102
226.018,2.262952102
226.066,2.292277615
226.117,2.2971652
226.157,2.316715543
226.193,2.311827957
226.244,2.331378299
226.284,2.321603128
226.335,2.282502444
226.386,2.292277615
226.424,2.2971652
226.459,2.282502444
226.512,2.253176931
226.571,2.267839687
226.625,2.262952102
226.666,2.258064516
226.707,2.253176931
226.742,2.24340176
226.793,2.214076246
226.846,2.228739003
226.878,2.218963832
226.909,2.218963832
226.947,2.218963832
227,2.214076246
227.038,2.189638319
227.07,2.184750733
227.104,2.209188661
227.158,2.184750733
227.194,2.179863148
227.232,2.184750733
227.266,2.204301075
227.3,2.204301075
227.337,2.174975562
227.389,2.189638319
227.428,2.194525904
227.474,2.174975562
227.525,2.194525904
227.563,2.189638319
227.619,2.189638319
227.658,2.170087977
227.698,2.170087977
227.752,2.160312805
227.793,2.170087977
227.83,2.174975562
227.882,2.189638319
227.916,2.160312805
227.969,2.179863148
228.002,2.184750733
228.054,2.15542522
228.087,2.174975562
228.12,2.179863148
228.156,2.15542522
228.186,2.184750733
228.213,2.15542522
228.251,2.170087977
228.287,2.179863148
228.324,2.184750733
228.362,2.179863148
228.398,2.15542522
228.439,2.160312805
228.47,2.150537634
228.509,2.174975562
228.546,2.179863148
228.578,2.165200391
228.619,2.15542522
228.659,2.150537634
228.699,2.150537634
228.753,2.150537634
228.795,2.15542522
228.854,2.15542522
228.898,2.15542522
228.962,2.160312805
229.022,2.165200391
229.061,2.165200391
229.117,2.150537634
229.151,2.150537634
229.205,2.179863148
229.241,2.170087977
229.28,2.15542522
229.316,2.145650049
229.348,2.160312805
229.386,2.165200391
229.418,2.135874878
229.451,2.121212121
229.503,2.130987292
229.541,2.101661779
229.583,2.091886608
229.62,2.072336266
229.655,2.028347996
229.693,2.003910068
229.746,2.013685239
229.782,1.999022483
229.836,1.979472141
229.875,1.979472141
229.904,2.003910068
229.94,1.999022483
229.992,1.994134897
230.033,1.999022483
230.073,1.994134897
230.118,1.979472141
230.171,2.003910068
230.215,2.008797654
230.263,2.052785924
230.316,2.038123167
230.354,2.043010753
230.393,2.038123167
230.438,2.047898338
230.494,2.043010753
230.549,2.086999022
230.59,2.086999022
230.622,2.106549365
230.658,2.086999022
230.694,2.091886608
230.732,2.106549365
230.788,2.130987292
230.82,2.116324536
230.856,2.106549365
230.891,2.106549365
230.929,2.121212121
230.964,2.130987292
231.015,2.106549365
231.047,2.121212121
231.102,2.121212121
231.155,2.106549365
231.207,2.121212121
231.245,2.130987292
231.282,2.121212121
231.322,2.121212121
231.359,2.106549365
231.396,2.101661779
231.455,2.106549365
231.481,2.130987292
231.515,2.101661779
231.546,2.126099707
231.586,2.121212121
231.62,2.091886608
231.659,2.101661779
231.703,2.101661779
231.758,2.086999022
231.789,2.101661779
231.828,2.126099707
231.865,2.126099707
231.9,2.116324536
231.954,2.106549365
231.99,2.130987292
232.026,2.135874878
232.064,2.135874878
232.105,2.145650049
232.16,2.116324536
232.2,2.121212121
232.253,2.126099707
232.309,2.140762463
232.365,2.145650049
232.402,2.135874878
232.453,2.116324536
232.506,2.145650049
232.545,2.145650049
232.584,2.140762463
232.631,2.121212121
232.669,2.140762463
232.708,2.145650049
232.748,2.145650049
232.784,2.135874878
232.833,2.116324536
232.871,2.126099707
232.928,2.145650049
232.956,2.116324536
232.999,2.126099707
233.056,2.130987292
233.097,2.121212121
233.133,2.130987292
233.173,2.150537634
233.212,2.145650049
233.25,2.145650049
233.305,2.150537634
233.336,2.135874878
233.375,2.126099707
233.427,2.145650049
233.483,2.135874878
233.523,2.140762463
233.58,2.126099707
233.637,2.121212121
233.674,2.126099707
233.71,2.150537634
233.762,2.140762463
233.801,2.130987292
233.837,2.130987292
233.875,2.130987292
233.912,2.145650049
233.948,2.15542522
233.985,2.150537634
234.022,2.140762463
234.054,2.126099707
234.091,2.150537634
234.145,2.150537634
234.174,2.135874878
234.217,2.130987292
234.254,2.135874878
234.292,2.140762463
234.332,2.145650049
234.369,2.15542522
234.405,2.15542522
234.443,2.150537634
234.48,2.126099707
234.519,2.116324536
234.58,2.11143695
234.616,2.106549365
234.653,2.11143695
234.707,2.140762463
234.745,2.140762463
234.785,2.130987292
234.824,2.135874878
234.861,2.121212121
234.899,2.116324536
234.934,2.126099707
234.986,2.135874878
235.023,2.140762463
235.063,2.135874878
235.097,2.116324536
235.136,2.121212121
235.176,2.116324536
235.229,2.140762463
235.279,2.135874878
235.317,2.174975562
235.356,2.19941349
235.406,2.24340176
235.448,2.282502444
235.486,2.292277615
235.525,2.311827957
235.565,2.321603128
235.603,2.316715543
235.661,2.346041056
235.714,2.355816227
235.751,2.365591398
235.809,2.360703812
235.861,2.331378299
235.902,2.326490714
235.939,2.2971652
235.991,2.302052786
236.028,2.302052786
236.066,2.287390029
236.102,2.267839687
236.156,2.248289345
236.197,2.24340176
236.229,2.262952102
236.267,2.262952102
236.301,2.233626588
236.354,2.238514174
236.405,2.248289345
236.442,2.228739003
236.503,2.209188661
236.555,2.228739003
236.614,2.214076246
236.653,2.223851417
236.69,2.228739003
236.748,2.218963832
236.783,2.214076246
236.819,2.194525904
236.853,2.204301075
236.89,2.223851417
236.947,2.218963832
236.992,2.209188661
237.049,2.218963832
237.1,2.189638319
237.164,2.189638319
237.208,2.209188661
237.268,2.194525904
237.33,2.19941349
237.392,2.204301075
237.441,2.184750733
237.471,2.204301075
237.511,2.204301075
237.571,2.204301075
237.621,2.170087977
237.668,2.194525904
237.716,2.170087977
237.776,2.194525904
237.815,2.184750733
237.871,2.19941349
237.935,2.194525904
237.994,2.194525904
238.05,2.19941349
238.106,2.184750733
238.146,2.165200391
238.193,2.189638319
238.244,2.184750733
238.302,2.160312805
238.363,2.160312805
238.418,2.174975562
238.475,2.189638319
238.518,2.160312805
238.576,2.170087977
238.633,2.184750733
238.686,2.189638319
238.746,2.170087977
238.797,2.160312805
238.857,2.174975562
238.892,2.189638319
238.944,2.174975562
238.985,2.170087977
239.022,2.150537634
239.055,2.150537634
239.093,2.160312805
239.134,2.165200391
239.188,2.140762463
239.223,2.101661779
239.262,2.06744868
239.318,2.038123167
239.351,2.023460411
239.405,2.023460411
239.454,2.018572825
239.515,2.013685239
239.572,2.018572825
239.612,2.013685239
239.644,1.994134897
239.7,2.003910068
239.736,2.028347996
239.773,2.047898338
239.804,2.043010753
239.858,2.038123167
239.897,2.052785924
239.945,2.062561095
239.994,2.06744868
240.044,2.033235582
240.084,2.043010753
240.143,2.057673509
240.181,2.077223851
240.214,2.096774194
240.269,2.126099707
240.305,2.11143695
240.345,2.11143695
240.4,2.116324536
240.438,2.130987292
240.477,2.130987292
240.529,2.145650049
240.581,2.121212121
240.621,2.126099707
240.682,2.126099707
240.734,2.150537634
240.795,2.150537634
240.849,2.145650049
240.882,2.121212121
240.919,2.126099707
240.957,2.135874878
240.998,2.135874878
241.052,2.140762463
241.09,2.140762463
241.123,2.121212121
241.162,2.11143695
241.201,2.11143695
241.256,2.135874878
241.307,2.135874878
241.345,2.116324536
241.388,2.121212121
241.443,2.11143695
241.475,2.121212121
241.513,2.140762463
241.552,2.140762463
241.586,2.135874878
241.627,2.135874878
241.662,2.11143695
241.692,2.140762463
241.735,2.140762463
241.774,2.130987292
241.813,2.130987292
241.854,2.126099707
241.91,2.116324536
241.97,2.096774194
242.021,2.06744868
242.058,2.077223851
242.095,2.101661779
242.131,2.116324536
242.175,2.11143695
242.212,2.140762463
242.25,2.135874878
242.288,2.126099707
242.343,2.121212121
242.381,2.121212121
242.42,2.126099707
242.453,2.135874878
242.496,2.126099707
242.555,2.150537634
242.596,2.145650049
242.648,2.179863148
242.685,2.170087977
242.737,2.228739003
242.777,2.267839687
242.815,2.292277615
242.865,2.321603128
242.897,2.355816227
242.953,2.409579668
242.992,2.448680352
243.033,2.458455523
243.092,2.434017595
243.131,2.404692082
243.184,2.336265885
243.239,2.316715543
243.27,2.282502444
243.308,2.223851417
243.359,2.19941349
243.41,2.194525904
243.447,2.165200391
243.499,2.174975562
243.547,2.184750733
243.586,2.15542522
243.616,2.165200391
243.656,2.194525904
243.692,2.19941349
243.728,2.194525904
243.767,2.189638319
243.802,2.179863148
243.838,2.204301075
243.894,2.209188661
243.921,2.179863148
243.97,2.214076246
244.024,2.179863148
244.076,2.19941349
244.113,2.209188661
244.15,2.189638319
244.199,2.170087977
